k_on,k_off,v_open,v_close,α,β,L,exp_label,loss
9.999999999999999e-6,1.778279410038923e-5,3.162277660168379e-6,0.0005623413251903491,2.0,3.6,5000,wt_15mM_salt,5.412734508514404
5.62341325190349e-6,3.16227766016838e-5,4.216965034285823e-5,0.0017782794100389247,1.5,2.4,5000,wt_150mM_salt,3.887486457824707
