para,error
9.999999999999999e-6,49.33142852783203
1.7782794100389226e-5,49.246368408203125
3.162277660168379e-5,65.16847229003906
