para,error
0.5,97.29489135742188
1.0,5.085485458374023
1.5,4.068612575531006
2.0,5.400132179260254
2.5,5.712401390075684
3.0,5.404714107513428
3.5,6.996730804443359
4.0,10.743059158325195
4.5,16.266586303710938
5.0,16.21332550048828
5.5,15.779882431030273
6.0,15.433357238769531
6.5,15.150848388671875
7.0,14.916686058044434
7.5,14.719825744628906
8.0,14.552284240722656
8.5,14.40815544128418
9.0,14.282995223999023
9.5,14.173391342163086
10.0,14.076693534851074
