para,error
0.001,3.853119373321533
0.0031622776601683794,3.6235709190368652
0.01,3.836369037628174
