para,error
5.62341325190349e-6,120.71226501464844
9.999999999999999e-6,70.84983825683594
1.7782794100389226e-5,63.027687072753906
