para,error
1.0e-6,1.2318196296691895
3.162277660168379e-6,1.2323315143585205
1.0e-5,1.0800129175186157
3.1622776601683795e-5,0.953524649143219
0.00010000000000000002,1.1386454105377197
