para,error
3.162277660168379e-6,14.383689880371094
9.999999999999999e-6,5.401210308074951
3.1622776601683795e-5,18.03188133239746
