para,error
9.999999999999999e-6,37.04229736328125
1.7782794100389226e-5,22.18691635131836
3.162277660168379e-5,66.31407165527344
