para,error
9.999999999999998e-5,2.233677056e9
