para,error
3.162277660168379e-6,2.3098812103271484
9.999999999999999e-6,0.9609287977218628
3.1622776601683795e-5,1.435299038887024
