para,error
9.999999999999999e-6,4.946329116821289
1.3335214321633239e-5,5.204628944396973
1.7782794100389226e-5,5.205468654632568
