para,error
1.0000000000000002e-6,6.297764778137207
3.1622776601683796e-6,3.49383282661438
1.0e-5,3.8624444007873535
