para,error
1.7782794100389227e-6,5.0030012130737305
3.162277660168379e-6,5.164144992828369
5.62341325190349e-6,4.9628472328186035
