para,error
1.0e-6,48.91083908081055
3.162277660168379e-6,48.061729431152344
