para,error
1.0e-6,3.679429054260254
3.162277660168379e-6,3.663832187652588
1.0e-5,3.7032392024993896
