para,error
0.5,5.407804489135742
1.0,3.5451912879943848
1.5,3.6657519340515137
2.0,5.524354457855225
2.5,9.825080871582031
3.0,9.61928653717041
3.5,13.438582420349121
4.0,25.82843780517578
4.5,32.54902648925781
5.0,31.766948699951172
5.5,31.135982513427734
6.0,30.616464614868164
6.5,30.181438446044922
7.0,29.809070587158203
7.5,29.477689743041992
8.0,29.187255859375
8.5,28.92382049560547
9.0,28.691104888916016
9.5,28.482500076293945
10.0,28.288740158081055
