para,error
1.0e-6,5.904778480529785
1.0000000000000002e-6,5.701596260070801
3.16227766016838e-6,5.435625076293945
1.0000000000000003e-5,5.436830520629883
3.1622776601683795e-5,5.678101539611816
0.00010000000000000002,6.388581275939941
