para,error
0.5,96.75033569335938
1.0,4.878728866577148
1.5,4.089977264404297
2.0,5.269579887390137
2.5,6.150468826293945
3.0,5.779173851013184
3.5,6.693230628967285
4.0,10.618790626525879
4.5,16.005874633789062
5.0,16.000900268554688
5.5,16.063827514648438
6.0,16.1641788482666
6.5,15.939521789550781
7.0,15.658233642578125
7.5,15.420188903808594
8.0,15.21634578704834
8.5,15.039981842041016
9.0,14.886003494262695
9.5,14.75048542022705
10.0,14.630355834960938
