para,error
1.0e-6,3.068855047225952
3.162277660168379e-6,1.2546426057815552
9.999999999999999e-6,1.0640783309936523
1.0e-5,1.2385159730911255
3.1622776601683795e-5,2.058300018310547
