para,error
0.009999999999999998,31.382753372192383
0.017782794100389226,29.532367706298828
0.03162277660168379,27.513599395751953
