para,error
0.5,5.270395278930664
1.0,3.4842734336853027
1.5,3.5029988288879395
2.0,5.174165725708008
2.5,8.513472557067871
3.0,8.365161895751953
3.5,12.989765167236328
4.0,26.515336990356445
4.5,32.32837677001953
5.0,31.540864944458008
5.5,30.905546188354492
6.0,30.382476806640625
6.5,29.944494247436523
7.0,29.572509765625
7.5,29.25272560119629
8.0,28.97492218017578
8.5,28.722333908081055
9.0,28.498096466064453
9.5,28.297298431396484
10.0,28.110933303833008
