para,error
0.5,412.60101318359375
1.0,105.15291595458984
1.5,19.052610397338867
2.0,11.999324798583984
