para,error
0.0017782794100389225,67.51274871826172
0.003162277660168379,46.25759506225586
0.00562341325190349,32.08423614501953
