para,error
3.162277660168379e-5,2.23367696e8
