para,error
1.0e-5,11.01457405090332
3.1622776601683795e-5,10.187135696411133
0.0001,9.712303161621094
0.00031622776601683794,6.9371538162231445
0.001,5.339897155761719
0.0031622776601683794,9.257277488708496
0.01,17.11194610595703
0.03162277660168379,22.497095108032227
0.1,26.029664993286133
