para,error
5.623413251903491e-6,3.747462749481201
1.0e-5,4.037191867828369
1.778279410038923e-5,4.140830039978027
