para,error
1.778279410038923e-5,4.902214050292969
3.1622776601683795e-5,5.150501728057861
5.623413251903491e-5,5.267975807189941
