para,error
0.5,278.17926025390625
1.0,45.487335205078125
1.5,4.252284049987793
2.0,6.5459885597229
