para,error
3.162277660168379e-6,2.0639047622680664
9.999999999999999e-6,0.9582796096801758
3.1622776601683795e-5,1.4254887104034424
