para,error
1.0000000000000002e-6,42.15233612060547
3.1622776601683796e-6,52.33436584472656
1.0e-5,45.374244689941406
