para,error
5.623413251903492e-5,3.4852843284606934
7.49894209332456e-5,3.762866258621216
0.00010000000000000002,3.541229248046875
