para,error
1.0e-6,49.616981506347656
3.162277660168379e-6,8.74487590789795
9.999999999999999e-6,4.142211437225342
3.1622776601683795e-5,15.222625732421875
9.999999999999999e-5,39.918277740478516
0.0003162277660168379,44.703731536865234
0.001,57.535247802734375
