para,error
1.778279410038923e-5,5.539431571960449
