para,error
1.0000000000000002e-6,42.90582275390625
3.1622776601683796e-6,49.05280685424805
1.0e-5,50.21923065185547
