para,error
1.0e-5,123.69242858886719
1.778279410038923e-5,123.30583190917969
3.1622776601683795e-5,125.17259216308594
