para,error
0.5,76.4784927368164
1.0,5.284226894378662
1.5,4.831402778625488
2.0,5.058082103729248
2.5,6.091858863830566
3.0,8.40588665008545
3.5,13.126214027404785
4.0,24.44043731689453
4.5,31.049070358276367
5.0,29.51004981994629
5.5,28.302310943603516
6.0,27.33249282836914
6.5,26.53864860534668
7.0,25.87822151184082
7.5,25.321107864379883
8.0,24.8454647064209
8.5,24.43509292602539
9.0,24.07775115966797
9.5,23.764026641845703
10.0,23.486576080322266
