para,error
7.498942093324558e-6,5.158285140991211
9.999999999999999e-6,5.122363567352295
1.3335214321633239e-5,5.013308048248291
