para,error
0.03162277660168379,26.196046829223633
0.056234132519034905,25.456138610839844
0.09999999999999999,27.074798583984375
