para,error
1.0e-6,4.6909589767456055
1.3335214321633243e-6,4.037756443023682
4.216965034285824e-6,4.717589855194092
1.3335214321633244e-5,4.973458290100098
4.2169650342858236e-5,3.9192826747894287
0.00013335214321633245,4.876404762268066
0.00042169650342858235,6.037614822387695
0.0013335214321633243,7.759930610656738
0.004216965034285824,7.909623146057129
