para,error
1.0e-5,10.626947402954102
3.1622776601683795e-5,10.027608871459961
0.0001,9.373359680175781
0.00031622776601683794,6.96663761138916
0.001,5.489427089691162
0.0031622776601683794,8.132543563842773
0.01,16.460750579833984
0.03162277660168379,23.51909828186035
0.1,27.753870010375977
