para,error
0.017782794100389226,26.985816955566406
0.03162277660168379,26.69205093383789
0.056234132519034905,26.598709106445312
