para,error
5.623413251903491e-6,6.438270568847656
7.498942093324558e-6,5.026780128479004
9.999999999999999e-6,4.946329116821289
