para,error
3.162277660168379e-6,13.225852966308594
9.999999999999999e-6,5.362737655639648
3.1622776601683795e-5,10.193309783935547
