para,error
1.0e-6,4.560353755950928
1.3335214321633243e-6,4.538331508636475
4.216965034285824e-6,4.156553268432617
1.3335214321633244e-5,4.487300872802734
4.2169650342858236e-5,3.8947949409484863
0.00013335214321633245,4.624192237854004
0.00042169650342858235,5.6488237380981445
0.0013335214321633243,8.040596961975098
0.004216965034285824,7.954830169677734
