para,error
9.999999999999999e-6,33.19692611694336
1.7782794100389226e-5,23.5008544921875
3.162277660168379e-5,58.394893646240234
