para,error
0.5,81.3006362915039
1.0,8.175140380859375
1.5,4.711483955383301
2.0,3.663832187652588
2.5,4.632209777832031
3.0,4.417538642883301
3.5,7.742184638977051
4.0,7.825676918029785
4.5,7.744170665740967
5.0,7.723593711853027
5.5,7.862435340881348
6.0,7.949773788452148
6.5,8.115671157836914
7.0,8.416620254516602
7.5,8.889219284057617
8.0,9.07304573059082
8.5,10.307723999023438
9.0,12.586033821105957
9.5,15.869978904724121
10.0,20.122934341430664
