para,error
0.0017782794100389247,3.602355718612671
0.0023713737056616576,3.6995959281921387
0.0031622776601683824,3.8538293838500977
