para,error
3.1622776601683795e-5,4.927072048187256
0.00031622776601683794,4.616982936859131
0.0031622776601683794,4.461600303649902
