para,error
1.0e-5,1.0028800964355469
3.1622776601683795e-5,0.9501502513885498
0.00010000000000000002,1.0860930681228638
