para,error
0.5,4343.3505859375
1.0,2267.60693359375
1.5,874.396728515625
2.0,163.7197265625
2.5,64.4671630859375
3.0,70.63652038574219
3.5,98.16349029541016
4.0,122.54629516601562
4.5,133.4411163330078
5.0,152.9654541015625
5.5,172.85870361328125
6.0,174.79190063476562
6.5,188.49256896972656
7.0,204.60247802734375
7.5,221.32406616210938
8.0,240.3506317138672
8.5,260.99029541015625
9.0,284.777587890625
9.5,310.4808349609375
10.0,376.28759765625
