para,error
0.00031622776601683794,5.725188732147217
0.001,5.444387435913086
0.0031622776601683794,5.570669651031494
