para,error
1.0e-6,3.6553878784179688
1.0000000000000002e-6,3.706359624862671
3.1622776601683805e-6,3.518566608428955
1.0000000000000003e-5,3.5855326652526855
3.16227766016838e-5,3.4857850074768066
0.00010000000000000003,4.005725860595703
0.00031622776601683805,4.172457695007324
0.0010000000000000002,4.975805282592773
0.0031622776601683803,6.977900505065918
