para,error
1.0e-6,6.277170181274414
9.999999999999999e-6,4.143194198608398
9.999999999999999e-5,15.720569610595703
