para,error
1.0e-6,3.6235709190368652
1.0000000000000002e-6,3.870255470275879
3.16227766016838e-6,3.7999868392944336
