para,error
3.162277660168379e-6,4.455478668212891
5.62341325190349e-6,3.689883232116699
9.999999999999999e-6,4.989202976226807
