para,error
1.0e-6,5.688746452331543
9.999999999999999e-6,5.569667339324951
0.0001,6.568004608154297
0.001,6.513737678527832
0.01,7.128643989562988
0.1,6.804602146148682
1.0,7.540682315826416
