para,error
0.001000000000000001,4.823941230773926
0.0017782794100389247,4.3130106925964355
0.0031622776601683824,4.559430122375488
