para,error
1.0e-6,5.708056449890137
1.0000000000000002e-6,5.27702522277832
3.16227766016838e-6,5.293885231018066
