para,error
0.5,140.86607360839844
1.0,13.082008361816406
1.5,3.8624444007873535
2.0,3.49383282661438
2.5,4.380602836608887
3.0,6.691733360290527
3.5,6.78416633605957
4.0,7.797636985778809
4.5,8.753524780273438
5.0,9.686025619506836
5.5,10.80117416381836
6.0,13.373626708984375
6.5,18.240001678466797
7.0,25.289352416992188
7.5,34.37265396118164
8.0,45.35078430175781
8.5,58.09379577636719
9.0,72.48026275634766
9.5,88.39665222167969
10.0,105.73680877685547
