para,error
0.0013335214321633256,3.616579055786133
0.0017782794100389247,3.609865427017212
0.0023713737056616576,3.516572952270508
