para,error
0.0031622776601683794,52.472129821777344
0.01,48.299190521240234
0.0316227766016838,63.931739807128906
