para,error
0.3162277660168381,3.8834781646728516
