para,error
1.0000000000000002e-6,6.437166690826416
3.1622776601683796e-6,3.6235709190368652
1.0e-5,4.075345039367676
