para,error
0.5,3529.244384765625
1.0,1213.0736083984375
1.5,147.16897583007812
2.0,22.18691635131836
2.5,37.04229736328125
3.0,102.71357727050781
3.5,477.6894836425781
4.0,1292.1058349609375
4.5,2546.6953125
5.0,4241.4580078125
5.5,6376.39453125
6.0,8951.50390625
6.5,11966.787109375
7.0,15422.2431640625
7.5,19317.873046875
8.0,23653.673828125
8.5,28429.650390625
9.0,33645.80078125
9.5,39302.125
10.0,45398.62109375
