para,error
9.999999999999999e-6,11.999324798583984
