para,error
0.0005623413251903491,5.068704128265381
0.001,4.820069313049316
0.0017782794100389228,5.068486213684082
