para,error
9.999999999999999e-5,4.252284049987793
