para,error
1.0e-6,46.28593826293945
3.162277660168379e-6,45.49870300292969
1.0e-5,49.42386245727539
