para,error
0.00017782794100389232,3.747462749481201
0.000316227766016838,4.085278511047363
0.0005623413251903492,4.037191867828369
