para,error
1.0e-6,5.764832019805908
1.0000000000000002e-6,5.607349395751953
3.16227766016838e-6,5.728753089904785
1.0000000000000003e-5,5.944482803344727
3.1622776601683795e-5,5.95889139175415
0.00010000000000000002,6.095266819000244
