para,error
0.00031622776601683794,5.043578147888184
0.0009999999999999998,5.144900321960449
0.0031622776601683794,4.640432357788086
0.01,4.417354583740234
0.03162277660168379,4.179555892944336
0.1,9.004607200622559
0.3162277660168379,24.923908233642578
0.9999999999999999,43.11964416503906
3.162277660168379,53.80638885498047
