para,error
2.3713737056616565e-6,9.541973114013672
7.498942093324561e-6,9.838366508483887
2.3713737056616564e-5,8.676214218139648
7.498942093324561e-5,7.408327102661133
0.00023713737056616562,5.166093349456787
0.0007498942093324562,9.308675765991211
0.0023713737056616562,18.04535675048828
0.007498942093324561,56.60359191894531
0.02371373705661656,90.36399841308594
