para,error
3.162277660168379e-6,12.569938659667969
9.999999999999999e-6,5.444387435913086
3.1622776601683795e-5,10.49689769744873
