para,error
5.623413251903491e-6,5.093315124511719
1.0e-5,4.932843208312988
1.778279410038923e-5,4.941574573516846
