para,error
0.00031622776601683794,5.709691047668457
0.0009999999999999998,5.2653703689575195
0.0031622776601683794,4.759305000305176
0.01,4.528659343719482
0.03162277660168379,4.142211437225342
0.1,8.394275665283203
0.3162277660168379,22.772907257080078
0.9999999999999999,42.86326217651367
3.162277660168379,52.09236145019531
