para,error
0.5,275.08721923828125
1.0,46.192237854003906
1.5,3.8834781646728516
2.0,6.407942771911621
