para,error
0.5,163.52865600585938
1.0,10.411477088928223
1.5,6.565066814422607
2.0,5.539431571960449
