para,error
0.5,3499.0966796875
1.0,1174.98388671875
1.5,125.20848846435547
2.0,18.03495216369629
2.5,44.11326599121094
3.0,135.92886352539062
3.5,591.3568115234375
4.0,1508.428955078125
4.5,2887.1455078125
5.0,4727.50634765625
5.5,7029.51123046875
6.0,9793.16015625
6.5,13017.935546875
7.0,16703.9921875
7.5,20851.57421875
8.0,25460.681640625
8.5,30531.3125
9.0,36063.46875
9.5,42057.14453125
10.0,48512.34765625
