para,error
0.0017782794100389225,66.05162048339844
0.003162277660168379,45.745235443115234
0.00562341325190349,32.37297058105469
