para,error
3.1622776601683796e-6,4.267743110656738
4.216965034285822e-6,3.6762335300445557
5.62341325190349e-6,3.5761618614196777
