para,error
1.0e-6,4.319385051727295
1.3335214321633243e-6,4.617949485778809
4.216965034285824e-6,4.787670612335205
1.3335214321633244e-5,4.702686309814453
4.2169650342858236e-5,3.852440357208252
0.00013335214321633245,4.851080894470215
0.00042169650342858235,6.059603691101074
0.0013335214321633243,7.815003395080566
0.004216965034285824,7.858888626098633
