para,error
5.623413251903491e-6,5.110358715057373
1.0e-5,4.845212936401367
1.778279410038923e-5,4.841652870178223
