para,error
1.0e-6,49.616127014160156
1.7782794100389227e-6,18.358848571777344
5.62341325190349e-6,3.7873871326446533
1.778279410038923e-5,12.080275535583496
5.623413251903491e-5,76.71942138671875
0.00017782794100389227,121.05662536621094
0.000562341325190349,134.17196655273438
