para,error
5.623413251903491e-6,3.591026782989502
1.0e-5,3.730407238006592
1.778279410038923e-5,3.4973695278167725
