para,error
1.0e-6,5.452908515930176
1.7782794100389233e-6,5.905902862548828
5.623413251903492e-6,5.453551292419434
1.7782794100389232e-5,5.468008518218994
5.623413251903493e-5,6.808257579803467
0.00017782794100389232,8.882765769958496
0.0005623413251903492,35.90581130981445
0.0017782794100389232,98.1778335571289
