para,error
5.6234132519034914e-5,2.23367696e8
