para,error
0.0017782794100389251,2.2498906112e10
