para,error
5.62341325190349e-6,103.14008331298828
9.999999999999999e-6,24.10917854309082
1.7782794100389226e-5,25.751903533935547
