para,error
1.0e-6,137.51998901367188
3.162277660168379e-6,16.628496170043945
9.999999999999999e-6,5.452908515930176
3.1622776601683795e-5,105.60629272460938
9.999999999999999e-5,280.5622253417969
0.0003162277660168379,349.297607421875
0.001,369.0677185058594
