para,error
4.216965034285822e-6,3.4540748596191406
5.62341325190349e-6,3.6140427589416504
7.498942093324557e-6,3.8458094596862793
