para,error
0.00562341325190349,37.07886505126953
0.009999999999999998,31.434131622314453
0.017782794100389226,26.692794799804688
