para,error
5.62341325190349e-6,6.1572699546813965
9.999999999999999e-6,4.902214050292969
1.7782794100389226e-5,8.296003341674805
