para,error
0.0031622776601683794,4.4410905838012695
0.03162277660168379,4.181082725524902
0.3162277660168379,4.089977264404297
