para,error
0.3162277660168381,4.21958065032959
