para,error
0.5,3153.2978515625
1.0,2233.361083984375
1.5,1480.787841796875
2.0,895.5780639648438
2.5,477.73175048828125
3.0,227.24893188476562
3.5,134.55618286132812
4.0,131.2117462158203
4.5,128.53892517089844
5.0,125.29437255859375
5.5,123.40154266357422
6.0,124.15536499023438
6.5,123.18281555175781
7.0,122.90798950195312
7.5,122.38780975341797
8.0,122.46142578125
8.5,127.33663177490234
9.0,127.51316833496094
9.5,126.559326171875
10.0,126.34234619140625
