para,error
0.3162277660168381,4.442549705505371
