para,error
3.1622776601683796e-6,54.61382293701172
1.0e-5,45.49870300292969
3.1622776601683795e-5,46.28593826293945
