para,error
0.0005623413251903491,5.412734508514404
