para,error
9.999999999999999e-5,3.9324493408203125
