para,error
1.0e-6,5.779173851013184
9.999999999999999e-6,4.089977264404297
9.999999999999999e-5,14.630355834960938
