para,error
1.0e-6,4.417149066925049
1.778279410038923e-6,4.6844587326049805
5.623413251903491e-6,5.515205383300781
1.778279410038923e-5,3.7964839935302734
5.6234132519034914e-5,5.082878112792969
0.0001778279410038923,5.125969886779785
0.0005623413251903491,5.565481185913086
0.001778279410038923,8.014833450317383
