para,error
0.03162277660168379,4.221179962158203
