para,error
3.162277660168379e-6,5.412734508514404
