para,error
0.5,3890.60888671875
1.0,1644.0244140625
1.5,361.87286376953125
2.0,25.751903533935547
2.5,24.10917854309082
3.0,58.62354278564453
3.5,104.0879898071289
4.0,149.1563720703125
4.5,205.54876708984375
5.0,321.6142578125
5.5,595.575927734375
6.0,1042.6217041015625
6.5,1662.751708984375
7.0,2455.9658203125
7.5,3422.26416015625
8.0,4561.646484375
8.5,5874.11328125
9.0,7359.6640625
9.5,9018.298828125
10.0,10850.0185546875
