para,error
1.0e-6,37.30058288574219
3.162277660168379e-6,14.967453002929688
9.999999999999999e-6,4.831402778625488
3.1622776601683795e-5,23.486576080322266
9.999999999999999e-5,244.9678955078125
0.0003162277660168379,320.1883544921875
0.001,342.240478515625
