para,error
1.0e-6,5.730758190155029
1.7782794100389233e-6,5.3527984619140625
5.623413251903492e-6,5.04613733291626
1.7782794100389232e-5,5.382334232330322
5.623413251903493e-5,6.277172088623047
0.00017782794100389232,11.279966354370117
0.0005623413251903492,38.43455505371094
0.0017782794100389232,105.146484375
