para,error
0.00017782794100389224,20.65478515625
0.0003162277660168379,18.03495216369629
0.000562341325190349,19.342491149902344
