para,error
1.0e-5,13.986337661743164
0.0001,10.529891014099121
0.001,9.242256164550781
0.010000000000000002,6.858911991119385
0.1,8.563097953796387
1.0,5.539431571960449
10.0,5.578919410705566
