para,error
1.0000000000000002e-6,6.274301052093506
