para,error
2.3713737056616557e-5,3.6950788497924805
3.1622776601683795e-5,3.554955005645752
4.216965034285823e-5,3.671717882156372
