para,error
3.1622776601683796e-6,46.035484313964844
1.0e-5,43.81462097167969
3.1622776601683795e-5,49.019065856933594
