para,error
1.0e-6,4.607071876525879
1.778279410038923e-6,4.454502105712891
5.623413251903491e-6,4.43810510635376
1.778279410038923e-5,3.9192826747894287
5.6234132519034914e-5,4.720950126647949
0.0001778279410038923,5.349205017089844
0.0005623413251903491,5.589559555053711
0.001778279410038923,7.137385368347168
