para,error
1.0e-6,51.18583679199219
3.162277660168379e-6,8.536415100097656
9.999999999999999e-6,4.281223773956299
3.1622776601683795e-5,14.878859519958496
9.999999999999999e-5,41.12495422363281
0.0003162277660168379,44.600685119628906
0.001,55.44983673095703
