para,error
0.003162277660168381,53.66227722167969
0.010000000000000005,43.323448181152344
0.03162277660168381,24.279726028442383
0.10000000000000006,8.074840545654297
0.3162277660168381,4.142211437225342
1.0000000000000007,4.634471893310547
3.162277660168381,4.619324684143066
10.0,5.252435684204102
