para,error
0.00562341325190349,33.75117492675781
0.009999999999999998,26.605731964111328
0.017782794100389226,23.2001953125
