para,error
5.62341325190349e-6,6.332251071929932
9.999999999999999e-6,5.047822952270508
1.7782794100389226e-5,8.197732925415039
