para,error
1.0e-6,4.459208965301514
3.1622776601683788e-6,4.289243698120117
9.999999999999999e-6,4.272233486175537
3.162277660168379e-5,4.114351272583008
9.999999999999999e-5,4.2376861572265625
0.00031622776601683794,4.316560745239258
0.001,4.620940208435059
0.003162277660168379,7.226703643798828
0.009999999999999998,10.772865295410156
