para,error
1.0e-6,4.643191814422607
1.778279410038923e-6,4.434723854064941
5.623413251903491e-6,4.510375499725342
1.778279410038923e-5,3.7156219482421875
5.6234132519034914e-5,4.889704704284668
0.0001778279410038923,4.617631912231445
0.0005623413251903491,5.574921131134033
0.001778279410038923,7.250651836395264
