para,error
0.5,94.83451843261719
1.0,5.362737655639648
1.5,5.631032466888428
2.0,5.500868320465088
2.5,6.364992618560791
3.0,8.971902847290039
3.5,11.5245943069458
4.0,10.730116844177246
4.5,10.326958656311035
5.0,10.193309783935547
5.5,10.215163230895996
6.0,10.32728385925293
6.5,10.491105079650879
7.0,10.683269500732422
7.5,10.808831214904785
8.0,10.930498123168945
8.5,11.062346458435059
9.0,11.19914436340332
9.5,11.33489990234375
10.0,11.412089347839355
