para,error
2.3713737056616565e-6,9.024051666259766
7.498942093324561e-6,9.819862365722656
2.3713737056616564e-5,8.215947151184082
7.498942093324561e-5,7.317226409912109
0.00023713737056616562,5.341301918029785
0.0007498942093324562,9.829686164855957
0.0023713737056616562,18.900917053222656
0.007498942093324561,51.53516387939453
0.02371373705661656,92.06927490234375
