para,error
7.498942093324558e-6,4.883228302001953
9.999999999999999e-6,4.71424674987793
1.3335214321633239e-5,5.480741024017334
