para,error
0.001,126.53976440429688
0.0017782794100389228,123.30583190917969
0.003162277660168379,124.41851806640625
