para,error
0.001,4.99399995803833
0.0031622776601683794,5.1389384269714355
0.01,7.015093803405762
