para,error
9.999999999999999e-6,1.761562705039978
1.0e-5,1.8831371068954468
