para,error
0.001,3.985873222351074
0.0031622776601683794,3.663832187652588
0.01,3.7032392024993896
