para,error
3.162277660168379e-6,2.018555164337158
9.999999999999999e-6,0.9083215594291687
3.1622776601683795e-5,1.491621732711792
