para,error
0.03162277660168379,3.9324493408203125
