para,error
0.5,129.3303985595703
1.0,59.36157989501953
1.5,4.883737564086914
2.0,5.2122602462768555
2.5,11.039094924926758
3.0,10.004653930664062
3.5,9.008356094360352
4.0,10.194799423217773
4.5,12.264158248901367
5.0,18.21492576599121
5.5,27.798004150390625
6.0,40.55952835083008
6.5,55.507232666015625
7.0,55.031307220458984
7.5,54.61920928955078
8.0,54.25893020629883
8.5,53.9412727355957
9.0,53.659114837646484
9.5,53.406822204589844
10.0,53.179893493652344
