para,error
2.3713737056616565e-6,8.464985847473145
7.498942093324561e-6,9.96778678894043
2.3713737056616564e-5,8.84029769897461
7.498942093324561e-5,6.750400543212891
0.00023713737056616562,5.026580333709717
0.0007498942093324562,9.815240859985352
0.0023713737056616562,19.62442970275879
0.007498942093324561,52.98974609375
0.02371373705661656,95.11735534667969
