para,error
1.0e-6,48.061729431152344
1.0000000000000002e-6,48.91083908081055
3.16227766016838e-6,49.815460205078125
