para,error
3.1622776601683795e-5,32.48090744018555
5.623413251903491e-5,24.89463233947754
9.999999999999999e-5,24.85533905029297
