para,error
0.5,96.72821807861328
1.0,5.479818820953369
1.5,5.600004196166992
2.0,5.27702522277832
2.5,6.442871570587158
3.0,8.919916152954102
3.5,11.354546546936035
4.0,10.69636058807373
4.5,10.194466590881348
5.0,9.98189640045166
5.5,9.939253807067871
6.0,9.997698783874512
6.5,10.116164207458496
7.0,10.269506454467773
7.5,10.408215522766113
8.0,10.501895904541016
8.5,10.60910415649414
9.0,10.72404670715332
9.5,10.842798233032227
10.0,10.936511039733887
