para,error
0.0031622776601683794,48.061729431152344
0.01,48.91083908081055
0.0316227766016838,63.1247444152832
