para,error
5.62341325190349e-6,6.3592119216918945
9.999999999999999e-6,5.006901741027832
1.7782794100389226e-5,8.316644668579102
