para,error
5.623413251903491e-6,51.91428756713867
1.0e-5,49.246368408203125
1.778279410038923e-5,49.44685745239258
