para,error
0.009999999999999998,24.062442779541016
0.017782794100389226,27.538375854492188
0.03162277660168379,28.10602569580078
