para,error
0.316227766016838,0.9886525273323059
1.0000000000000002,0.9582796096801758
3.1622776601683804,0.9726813435554504
