para,error
0.3162277660168381,11.00244140625
