para,error
0.5,47.696861267089844
1.0,6.222968101501465
1.5,3.602355718612671
2.0,8.914743423461914
2.5,50.5107421875
3.0,110.74832916259766
3.5,175.56271362304688
4.0,242.22325134277344
4.5,307.9341735839844
5.0,371.25421142578125
5.5,431.4915771484375
6.0,488.3741149902344
6.5,541.864013671875
7.0,592.0525512695312
7.5,639.09814453125
8.0,683.1911010742188
8.5,724.5325927734375
9.0,763.3226928710938
9.5,799.75390625
10.0,834.00732421875
