para,error
1.0e-6,4.939685344696045
1.778279410038923e-6,4.820069313049316
3.1622776601683796e-6,5.169991493225098
