para,error
0.0031622776601683794,53.44639587402344
0.01,42.15233612060547
0.0316227766016838,54.07566452026367
