para,error
1.0e-6,55.11962890625
1.7782794100389227e-6,19.103561401367188
5.62341325190349e-6,3.7964839935302734
1.778279410038923e-5,10.461200714111328
5.623413251903491e-5,76.6571044921875
0.00017782794100389227,121.54034423828125
0.000562341325190349,133.90380859375
