para,error
0.3162277660168381,4.252284049987793
