para,error
3.16227766016838e-5,3.4799726009368896
4.2169650342858236e-5,3.6634931564331055
5.623413251903492e-5,3.657315254211426
