para,error
2.3713737056616565e-6,9.515287399291992
7.498942093324561e-6,8.943708419799805
2.3713737056616564e-5,8.594451904296875
7.498942093324561e-5,6.8637237548828125
0.00023713737056616562,5.452908515930176
0.0007498942093324562,9.093794822692871
0.0023713737056616562,18.2734375
0.007498942093324561,50.832000732421875
0.02371373705661656,91.71050262451172
