para,error
0.5,5.527129173278809
1.0,3.242649555206299
1.5,2.038472890853882
2.0,0.953524649143219
2.5,1.9118733406066895
3.0,2.378098249435425
3.5,3.126506805419922
4.0,3.8040270805358887
4.5,3.7620270252227783
5.0,3.379631757736206
5.5,3.2785372734069824
6.0,3.4268007278442383
6.5,3.710954189300537
7.0,3.709691047668457
7.5,3.806968927383423
8.0,3.6440396308898926
8.5,3.799229621887207
9.0,3.6904377937316895
9.5,3.647803544998169
10.0,4.008142948150635
