para,error
1.0e-6,8.8247652053833
1.7782794100389227e-6,6.210701942443848
5.62341325190349e-6,3.448124408721924
1.778279410038923e-5,7.586155891418457
5.623413251903491e-5,18.536643981933594
0.00017782794100389227,101.34223937988281
0.000562341325190349,125.88170623779297
