para,error
7.498942093324567e-6,7.830973148345947
2.3713737056616578e-5,8.166471481323242
7.498942093324567e-5,7.3651299476623535
0.00023713737056616578,6.692419052124023
0.0007498942093324566,4.037756443023682
0.002371373705661658,3.9192826747894287
0.007498942093324567,7.718037128448486
0.023713737056616578,11.643461227416992
0.07498942093324566,14.72930908203125
