para,error
0.010000000000000002,3.49383282661438
0.0316227766016838,3.7270302772521973
0.10000000000000002,3.8624444007873535
