para,error
0.5,5195.90478515625
1.0,1929.19189453125
1.5,312.0235595703125
2.0,109.962158203125
2.5,40.39888381958008
3.0,81.63616180419922
3.5,149.67372131347656
4.0,185.92820739746094
4.5,225.0680389404297
5.0,348.9541015625
5.5,286.9300231933594
6.0,220.1984405517578
6.5,237.21597290039062
7.0,258.1668701171875
7.5,282.20440673828125
8.0,310.0168151855469
8.5,339.0615234375
9.0,370.3160705566406
9.5,410.02532958984375
10.0,498.99615478515625
