para,error
9.999999999999999e-6,3.9324493408203125
