para,error
9.999999999999999e-6,3.8834781646728516
