para,error
0.003162277660168381,53.261573791503906
0.010000000000000005,43.630462646484375
0.03162277660168381,23.872928619384766
0.10000000000000006,8.848237037658691
0.3162277660168381,4.281223773956299
1.0000000000000007,4.325752258300781
3.162277660168381,4.920199394226074
10.0,4.884984970092773
