para,error
4.216965034285822e-6,3.590120553970337
5.62341325190349e-6,3.488359212875366
7.498942093324557e-6,4.0275702476501465
