para,error
3.1622776601683796e-6,5.564323425292969
1.0e-5,5.27702522277832
3.1622776601683795e-5,5.293885231018066
