para,error
0.017782794100389226,18.03495216369629
0.03162277660168379,19.342491149902344
0.056234132519034905,21.43230438232422
