para,error
0.5,38.86591339111328
1.0,6.092295169830322
1.5,3.562896728515625
2.0,10.831851959228516
2.5,55.33765411376953
3.0,114.3645248413086
3.5,180.14505004882812
4.0,247.61312866210938
4.5,314.0084228515625
5.0,377.9154052734375
5.5,438.6614685058594
6.0,495.9888916015625
6.5,549.8712158203125
7.0,600.4081420898438
7.5,647.7651977539062
8.0,692.1382446289062
8.5,733.7328491210938
9.0,772.7529296875
9.5,809.393798828125
10.0,843.83935546875
