para,error
1.0e-6,5.497747898101807
1.0000000000000002e-6,5.430914878845215
3.16227766016838e-6,5.82859468460083
1.0000000000000003e-5,5.805346488952637
3.1622776601683795e-5,5.339897155761719
0.00010000000000000002,5.795685291290283
