para,error
0.5,109.52679443359375
1.0,10.47857666015625
1.5,8.669902801513672
2.0,8.156328201293945
2.5,7.783550262451172
3.0,8.847149848937988
3.5,10.160324096679688
4.0,19.772024154663086
4.5,35.721534729003906
5.0,56.28814697265625
5.5,80.17987823486328
6.0,106.42061614990234
6.5,134.26930236816406
7.0,163.161376953125
7.5,192.66580200195312
8.0,222.45327758789062
8.5,252.27255249023438
9.0,281.9324951171875
9.5,311.28851318359375
10.0,340.2322082519531
