para,error
0.003162277660168381,51.26631164550781
0.010000000000000005,44.436866760253906
0.03162277660168381,26.65237045288086
0.10000000000000006,8.669010162353516
0.3162277660168381,4.179555892944336
1.0000000000000007,4.326175689697266
3.162277660168381,4.73726749420166
10.0,5.048916816711426
