para,error
0.5,82.61038208007812
1.0,4.983712196350098
1.5,4.9628472328186035
2.0,5.6056318283081055
2.5,6.475733757019043
3.0,10.500794410705566
3.5,11.86996841430664
4.0,13.365594863891602
4.5,16.006084442138672
5.0,18.855003356933594
5.5,22.295318603515625
6.0,26.002395629882812
6.5,29.785839080810547
7.0,33.53400421142578
7.5,37.182472229003906
8.0,40.695552825927734
8.5,44.03770065307617
9.0,47.20191192626953
9.5,50.207420349121094
10.0,53.05769348144531
