para,error
1.7782794100389227e-6,5.047822952270508
3.162277660168379e-6,5.083268165588379
5.62341325190349e-6,5.204641819000244
