para,error
9.999999999999999e-6,6.570677757263184
