para,error
0.0001333521432163324,5.259685516357422
0.00017782794100389227,4.885369300842285
0.0002371373705661655,4.858262538909912
