para,error
1.0e-6,4.283758163452148
3.1622776601683788e-6,4.454024314880371
9.999999999999999e-6,4.328553199768066
3.162277660168379e-5,4.256673812866211
9.999999999999999e-5,4.185429573059082
0.00031622776601683794,4.332657814025879
0.001,4.96670389175415
0.003162277660168379,7.495208740234375
0.009999999999999998,11.160036087036133
