para,error
1.0e-6,4.789590835571289
1.778279410038923e-6,4.524137496948242
5.623413251903491e-6,5.462386131286621
1.778279410038923e-5,3.8127222061157227
5.6234132519034914e-5,4.986719608306885
0.0001778279410038923,5.162025451660156
0.0005623413251903491,5.315832138061523
0.001778279410038923,7.483140468597412
