para,error
5.623413251903489e-5,27.387842178344727
9.999999999999996e-5,25.798629760742188
0.00017782794100389222,25.456138610839844
