para,error
3.162277660168378e-5,28.960384368896484
5.623413251903489e-5,27.513599395751953
9.999999999999996e-5,29.532367706298828
