para,error
0.5,239.4647979736328
1.0,40.4808349609375
1.5,6.570677757263184
2.0,7.331521034240723
