para,error
0.0031622776601683816,4.654021263122559
0.03162277660168381,4.2749176025390625
0.3162277660168381,5.3111467361450195
