para,error
9.999999999999999e-6,5.569667339324951
