para,error
0.5,420.6295166015625
1.0,75.97454833984375
1.5,14.240034103393555
2.0,10.843667984008789
