para,error
9.999999999999999e-5,11.00244140625
