para,error
0.5,3508.0068359375
1.0,1185.6834716796875
1.5,138.39266967773438
2.0,25.456138610839844
2.5,51.732383728027344
3.0,164.60227966308594
3.5,691.59326171875
4.0,1696.626708984375
4.5,3181.35986328125
5.0,5146.27685546875
5.5,7591.37646484375
6.0,10516.66015625
6.5,13922.126953125
7.0,17807.77734375
7.5,22173.611328125
8.0,27019.62890625
8.5,32345.828125
9.0,38152.2109375
9.5,44438.78125
10.0,51205.52734375
