para,error
0.0316227766016838,1.0665500164031982
0.10000000000000002,1.0028800964355469
0.316227766016838,0.9501502513885498
