para,error
1.0000000000000006e-5,1.761562705039978
3.16227766016838e-5,1.8831371068954468
