para,error
0.0031622776601683807,2.2498906112e10
