para,error
1.0e-6,5.302722930908203
3.162277660168379e-6,5.663638114929199
9.999999999999999e-6,6.158847808837891
3.162277660168379e-5,5.1457743644714355
9.999999999999999e-5,6.076379776000977
