para,error
1.778279410038923e-5,35.27366256713867
3.1622776601683795e-5,37.710121154785156
5.623413251903491e-5,32.37297058105469
