para,error
5.62341325190349e-5,24.633766174316406
9.999999999999999e-5,25.67047882080078
0.00017782794100389227,24.876869201660156
