para,error
1.0e-6,6.159653663635254
1.0000000000000002e-6,5.430914878845215
3.1622776601683796e-6,6.136504650115967
1.0e-5,5.339897155761719
3.1622776601683795e-5,5.9242329597473145
0.0001,5.587087631225586
0.00031622776601683794,6.246677398681641
0.001,8.102484703063965
