para,error
0.5,3647.884033203125
1.0,1352.680419921875
1.5,214.1766357421875
2.0,36.01875686645508
2.5,32.08423614501953
3.0,65.93479919433594
3.5,102.21585083007812
4.0,161.4788818359375
4.5,424.80426025390625
5.0,939.4282836914062
5.5,1705.3509521484375
6.0,2722.572265625
6.5,3991.09228515625
7.0,5510.9111328125
7.5,7282.02783203125
8.0,9304.4443359375
8.5,11578.158203125
9.0,14103.1708984375
9.5,16879.484375
10.0,19907.09375
