para,error
1.778279410038923e-5,5.412734508514404
