para,error
1.0e-6,5.542142391204834
1.0000000000000002e-6,5.746318817138672
3.16227766016838e-6,5.999582290649414
1.0000000000000003e-5,5.96511697769165
3.1622776601683795e-5,5.568644046783447
0.00010000000000000002,6.260687828063965
