para,error
0.5,32.16649627685547
1.0,5.918724060058594
1.5,3.689883232116699
2.0,5.961552619934082
2.5,32.78059768676758
3.0,68.81768798828125
3.5,109.0355224609375
4.0,149.75286865234375
4.5,189.21847534179688
5.0,226.64169311523438
5.5,261.7211608886719
6.0,294.4061279296875
6.5,324.7716979980469
7.0,352.9527282714844
7.5,379.10809326171875
8.0,403.40179443359375
8.5,425.99298095703125
9.0,447.03118896484375
9.5,466.6540222167969
10.0,484.9870910644531
