para,error
1.7782794100389227e-6,2.2498906112e10
