para,error
0.5,5110.93017578125
1.0,1830.23876953125
1.5,275.84564208984375
2.0,103.70379638671875
2.5,42.15233612060547
3.0,81.6884536743164
3.5,265.2735290527344
4.0,296.07147216796875
4.5,334.92694091796875
5.0,389.50927734375
5.5,449.33843994140625
6.0,516.01806640625
6.5,638.0235595703125
7.0,882.546875
7.5,1266.1962890625
8.0,1788.9716796875
8.5,2450.873046875
9.0,3251.900634765625
9.5,4192.05419921875
10.0,5271.333984375
