para,error
0.5,3534.429443359375
1.0,1217.488525390625
1.5,150.80368041992188
2.0,23.5008544921875
2.5,33.19692611694336
3.0,70.03172302246094
3.5,272.31256103515625
4.0,853.6611938476562
4.5,1824.2509765625
5.0,3184.08203125
5.5,4933.154296875
6.0,7071.4677734375
6.5,9599.0224609375
7.0,12515.818359375
7.5,15821.85546875
8.0,19517.134765625
8.5,23601.654296875
9.0,28075.4140625
9.5,32938.41796875
10.0,38190.66015625
