para,error
5.623413251903491e-6,63.027687072753906
1.0e-5,64.9561767578125
1.778279410038923e-5,66.91839599609375
