para,error
3.162277660168379e-6,4.941574573516846
5.62341325190349e-6,5.050982475280762
9.999999999999999e-6,4.932843208312988
