para,error
5.62341325190349e-6,2.233677056e9
