para,error
0.001000000000000001,4.314118385314941
0.0017782794100389247,3.747462749481201
0.0031622776601683824,4.234391212463379
