para,error
1.0e-6,5.3328728675842285
9.999999999999999e-6,6.010593414306641
0.0001,5.529095649719238
0.001,6.677192211151123
0.01,7.586175918579102
0.1,8.442083358764648
