para,error
7.498942093324567e-6,8.116806983947754
2.3713737056616578e-5,8.396635055541992
7.498942093324567e-5,8.338815689086914
0.00023713737056616578,6.255054473876953
0.0007498942093324566,4.319385051727295
0.002371373705661658,3.852440357208252
0.007498942093324567,7.388535499572754
0.023713737056616578,12.241332054138184
0.07498942093324566,15.320587158203125
