para,error
1.0e-6,118.29667663574219
3.162277660168379e-6,16.629356384277344
9.999999999999999e-6,5.574324607849121
3.1622776601683795e-5,116.45307159423828
9.999999999999999e-5,285.9957580566406
0.0003162277660168379,335.065673828125
0.001,344.85565185546875
