para,error
0.5,429.39080810546875
1.0,102.26847076416016
1.5,22.602380752563477
2.0,16.204004287719727
