para,error
1.0e-6,42.15233612060547
3.162277660168379e-6,49.56318664550781
1.0e-5,46.64778137207031
