para,error
1.0e-6,3.5938987731933594
3.162277660168379e-6,1.2320468425750732
9.999999999999999e-6,0.953524649143219
1.0e-5,1.2318196296691895
3.1622776601683795e-5,2.111640453338623
