para,error
0.003162277660168381,52.85139465332031
0.010000000000000005,42.07945251464844
0.03162277660168381,24.68617057800293
0.10000000000000006,8.122800827026367
0.3162277660168381,4.185429573059082
1.0000000000000007,4.511297702789307
3.162277660168381,5.0128326416015625
10.0,5.077179908752441
