para,error
1.0e-6,4.656268119812012
1.778279410038923e-6,5.287384986877441
5.623413251903491e-6,4.671685695648193
1.778279410038923e-5,3.852440357208252
5.6234132519034914e-5,4.4669413566589355
0.0001778279410038923,4.569572448730469
0.0005623413251903491,5.692320823669434
0.001778279410038923,7.6398115158081055
