para,error
0.0031622776601683794,4.7235307693481445
0.03162277660168379,4.340977191925049
0.3162277660168379,4.068612575531006
