para,error
1.0e-6,5.011414527893066
1.7782794100389227e-6,5.006901741027832
