para,error
9.999999999999999e-5,4.442549705505371
