para,error
0.5,81.73239135742188
1.0,4.71424674987793
1.5,4.883228302001953
2.0,5.28808069229126
2.5,6.6291913986206055
3.0,10.020318031311035
3.5,16.838024139404297
4.0,27.249778747558594
4.5,39.53901672363281
5.0,52.495567321777344
5.5,65.46296691894531
6.0,78.0886459350586
6.5,90.19094848632812
7.0,101.68576049804688
7.5,112.54495239257812
8.0,122.77229309082031
8.5,132.38926696777344
9.0,141.4266357421875
9.5,149.91940307617188
10.0,157.90390014648438
