para,error
9.999999999999999e-6,2.23367696e8
