para,error
0.0013335214321633256,3.590120553970337
0.0017782794100389247,3.488359212875366
0.0023713737056616576,3.532200574874878
