para,error
0.5,433.2498779296875
1.0,109.23675537109375
1.5,15.22032356262207
2.0,5.3328728675842285
