para,error
1.0e-6,56.18540954589844
3.162277660168379e-6,26.943248748779297
9.999999999999999e-6,29.731101989746094
1.0e-5,26.627490997314453
3.1622776601683795e-5,30.68776512145996
