para,error
0.5,82.79310607910156
1.0,5.013308048248291
1.5,5.284726142883301
2.0,5.442562103271484
2.5,6.8971099853515625
3.0,10.146977424621582
3.5,16.414630889892578
4.0,26.83934783935547
4.5,39.17757797241211
5.0,52.204185485839844
5.5,65.25341033935547
6.0,77.96684265136719
6.5,90.15913391113281
7.0,101.74384307861328
7.5,112.69139099121094
8.0,123.004638671875
8.5,132.70455932617188
9.0,141.8216552734375
9.5,150.39077758789062
10.0,158.44825744628906
