para,error
0.003162277660168381,52.67180633544922
0.010000000000000005,44.72183609008789
0.03162277660168381,26.413240432739258
0.10000000000000006,8.936477661132812
0.3162277660168381,4.1756110191345215
1.0000000000000007,4.651252746582031
3.162277660168381,4.9423604011535645
10.0,5.128818511962891
