para,error
3.1622776601683796e-6,5.442967414855957
1.0e-5,5.68233060836792
3.1622776601683795e-5,5.599123477935791
