para,error
0.5,5160.74853515625
1.0,1886.0400390625
1.5,286.8016357421875
2.0,105.84000396728516
2.5,45.49870300292969
3.0,84.71939086914062
3.5,228.9561767578125
4.0,261.43255615234375
4.5,291.3695983886719
5.0,348.3343811035156
5.5,413.646240234375
6.0,484.6853942871094
6.5,611.8722534179688
7.0,846.72412109375
7.5,1218.3349609375
8.0,1727.8079833984375
8.5,2375.14306640625
9.0,3160.34033203125
9.5,4083.39990234375
10.0,5144.3212890625
