para,error
1.0e-5,4.7893171310424805
1.333521432163324e-5,4.883228302001953
1.778279410038923e-5,4.71424674987793
