para,error
3.1622776601683796e-6,22.18691635131836
5.623413251903491e-6,22.609844207763672
1.0e-5,23.190711975097656
