para,error
1.0e-6,120.51704406738281
3.162277660168379e-6,17.088008880615234
9.999999999999999e-6,5.435625076293945
3.1622776601683795e-5,116.3309326171875
9.999999999999999e-5,285.47344970703125
0.0003162277660168379,336.1109619140625
0.001,344.96685791015625
