para,error
0.00031622776601683794,5.2994537353515625
0.0009999999999999998,5.315543174743652
0.0031622776601683794,4.638160705566406
0.01,4.403703212738037
0.03162277660168379,4.185429573059082
0.1,8.38458251953125
0.3162277660168379,25.960697174072266
0.9999999999999999,44.377506256103516
3.162277660168379,54.54231643676758
