para,error
3.1622776601683795e-5,3.516572952270508
4.216965034285823e-5,3.6437976360321045
5.6234132519034914e-5,3.609865427017212
