para,error
1.0e-5,123.77667236328125
1.778279410038923e-5,122.38780975341797
3.1622776601683795e-5,123.40154266357422
