para,error
1.0e-6,6.441283702850342
9.999999999999999e-6,6.001399040222168
0.0001,5.54005241394043
0.001,6.933889389038086
0.01,7.628620147705078
0.1,7.303595542907715
