para,error
5.623413251903492e-6,2.233677056e9
