para,error
1.0e-6,49.46272659301758
1.7782794100389227e-6,20.211536407470703
5.62341325190349e-6,3.8127222061157227
1.778279410038923e-5,11.243932723999023
5.623413251903491e-5,76.41747283935547
0.00017782794100389227,122.1466293334961
0.000562341325190349,133.83407592773438
