para,error
0.03162277660168379,4.442549705505371
