para,error
9.999999999999999e-6,51.732383728027344
1.7782794100389226e-5,25.456138610839844
3.162277660168379e-5,79.11767578125
