para,error
1.778279410038923e-5,68.96839141845703
3.1622776601683795e-5,64.9561767578125
5.623413251903491e-5,63.027687072753906
