para,error
7.498942093324558e-6,4.913180351257324
9.999999999999999e-6,4.86954402923584
1.3335214321633239e-5,6.107614040374756
