para,error
0.03162277660168379,6.570677757263184
