para,error
3.1622776601683796e-6,123.40154266357422
5.623413251903491e-6,122.38780975341797
1.0e-5,123.77667236328125
