para,error
0.001,20.728288650512695
0.01,16.204004287719727
0.1,18.030994415283203
