para,error
1.0e-6,5.684580326080322
1.0000000000000002e-6,6.449459552764893
3.1622776601683796e-6,5.716472625732422
1.0e-5,5.489427089691162
3.1622776601683795e-5,5.645863056182861
0.0001,5.783864974975586
0.00031622776601683794,5.945987701416016
0.001,7.22566032409668
