para,error
0.001,82.33821105957031
0.0017782794100389228,61.29828643798828
0.003162277660168379,49.246368408203125
