para,error
0.5,126.0283432006836
1.0,7.218632698059082
1.5,5.465106964111328
2.0,5.412734508514404
2.5,6.583878993988037
3.0,16.033540725708008
3.5,36.590606689453125
4.0,62.46624755859375
4.5,90.52770233154297
5.0,119.05348205566406
5.5,147.09918212890625
6.0,174.15975952148438
6.5,199.98312377929688
7.0,224.4639892578125
7.5,247.58242797851562
8.0,269.36712646484375
8.5,289.8736572265625
9.0,309.1712646484375
9.5,327.33477783203125
10.0,344.44000244140625
