para,error
5.623413251903491e-6,35.27366256713867
1.0e-5,32.37297058105469
1.778279410038923e-5,37.64997863769531
