para,error
0.03162277660168379,3.8834781646728516
