para,error
1.0e-6,5.514492034912109
1.7782794100389233e-6,5.396781921386719
5.623413251903492e-6,6.554507255554199
1.7782794100389232e-5,5.341301918029785
5.623413251903493e-5,5.426751136779785
0.00017782794100389232,11.376823425292969
0.0005623413251903492,34.20793533325195
0.0017782794100389232,93.0087890625
