para,error
1.778279410038923e-5,24.062442779541016
3.1622776601683795e-5,28.346065521240234
5.623413251903491e-5,27.538375854492188
