para,error
7.498942093324567e-6,6.80337381362915
2.3713737056616578e-5,8.019098281860352
7.498942093324567e-5,7.857120513916016
0.00023713737056616578,7.212172508239746
0.0007498942093324566,4.497000694274902
0.002371373705661658,3.8127222061157227
0.007498942093324567,7.70449161529541
0.023713737056616578,11.777658462524414
0.07498942093324566,15.129825592041016
