para,error
9.999999999999999e-6,4.248790740966797
9.999999999999999e-5,4.089977264404297
0.001,4.907632827758789
