para,error
9.999999999999999e-6,10.843667984008789
