para,error
0.009999999999999998,27.58391571044922
0.017782794100389226,24.633766174316406
0.03162277660168379,24.915311813354492
