para,error
0.00031622776601683794,5.508298873901367
0.0009999999999999998,5.054873466491699
0.0031622776601683794,4.968554496765137
0.01,4.617173194885254
0.03162277660168379,4.114351272583008
0.1,8.919448852539062
0.3162277660168379,23.76761245727539
0.9999999999999999,43.4521598815918
3.162277660168379,55.63859176635742
