para,error
0.001,126.6007080078125
0.0017782794100389228,122.38780975341797
0.003162277660168379,126.34234619140625
