para,error
1.778279410038923e-5,3.604480266571045
2.3713737056616554e-5,3.474130153656006
3.1622776601683795e-5,3.3743340969085693
