para,error
3.162277660168379e-6,75.43759155273438
9.999999999999999e-6,75.23113250732422
3.1622776601683795e-5,75.38709259033203
