para,error
1.0e-6,53.599666595458984
1.7782794100389227e-6,19.541765213012695
5.62341325190349e-6,3.8947949409484863
1.778279410038923e-5,12.0595064163208
5.623413251903491e-5,75.69189453125
0.00017782794100389227,122.19195556640625
0.000562341325190349,134.2442626953125
