para,error
3.162277660168379e-6,4.368335723876953
5.62341325190349e-6,4.136478900909424
9.999999999999999e-6,5.348140716552734
