para,error
0.3162277660168381,4.221179962158203
