para,mean_err,std_err
1.0e-6,116.64811488560268,3.484838291201707
3.162277660168379e-6,16.364040510995046,0.9430487775121911
9.999999999999999e-6,5.479331152779715,0.09206132648153866
3.1622776601683795e-5,118.216794695173,1.4394460584403257
9.999999999999999e-5,285.91282871791293,0.6462049533125613
0.0003162277660168379,335.6924482073103,0.4483633550894206
0.001,344.601065499442,0.2551658744961301
