para,error
0.0005623413251903492,4.3130106925964355
0.0010000000000000002,4.781160354614258
0.0017782794100389232,4.607897758483887
