para,error
0.5,76.5830307006836
1.0,5.791650772094727
1.5,5.823040008544922
2.0,5.401210308074951
2.5,6.9813385009765625
3.0,8.97113037109375
3.5,9.610875129699707
4.0,17.604839324951172
4.5,23.426387786865234
5.0,22.377960205078125
5.5,21.54568862915039
6.0,20.888036727905273
6.5,20.357738494873047
7.0,19.92272186279297
7.5,19.560565948486328
8.0,19.214563369750977
8.5,18.853445053100586
9.0,18.541667938232422
9.5,18.270156860351562
10.0,18.03188133239746
