para,error
1.778279410038923e-5,27.513599395751953
3.1622776601683795e-5,28.960384368896484
5.623413251903491e-5,30.458106994628906
