para,error
0.5,83.11146545410156
1.0,4.800950050354004
1.5,4.1756110191345215
2.0,3.5278820991516113
2.5,6.816306114196777
3.0,8.320505142211914
3.5,12.827421188354492
4.0,13.587303161621094
4.5,14.248664855957031
5.0,15.12662124633789
5.5,15.383447647094727
6.0,15.751502990722656
6.5,16.188636779785156
7.0,16.65918731689453
7.5,17.141334533691406
8.0,17.417560577392578
8.5,17.550155639648438
9.0,17.702869415283203
9.5,17.86798858642578
10.0,18.04009246826172
