para,error
3.1622776601683796e-6,4.654021263122559
3.1622776601683795e-5,4.403801918029785
0.00031622776601683794,4.2749176025390625
