para,error
1.0e-6,50.958343505859375
3.162277660168379e-6,48.299190521240234
