para,error
4.216965034285822e-6,3.541229248046875
5.62341325190349e-6,3.4852843284606934
7.498942093324557e-6,4.066446304321289
