para,error
9.999999999999999e-6,4.209531784057617
9.999999999999999e-5,4.068612575531006
0.001,4.816706657409668
