para,error
0.03162277660168379,4.297108173370361
