para,error
9.999999999999999e-6,6.114892959594727
