para,error
1.0e-5,3.420659303665161
0.0001,3.4907894134521484
0.001,3.6713762283325195
0.010000000000000002,3.8098106384277344
0.1,3.858954906463623
1.0,3.799450159072876
