para,error
9.999999999999999e-6,11.00244140625
