para,error
3.162277660168378e-5,27.279645919799805
5.623413251903489e-5,26.887113571166992
9.999999999999996e-5,26.598709106445312
