para,error
0.0031622776601683794,3.979548454284668
0.01,3.8941075801849365
0.0316227766016838,3.6235709190368652
