para,error
1.0e-6,5.115007400512695
3.162277660168379e-6,5.549297332763672
9.999999999999999e-6,6.131508827209473
3.162277660168379e-5,5.6365251541137695
9.999999999999999e-5,5.998632431030273
