para,error
1.0e-6,131.69760131835938
3.162277660168379e-6,16.087791442871094
9.999999999999999e-6,5.04613733291626
3.1622776601683795e-5,104.83727264404297
9.999999999999999e-5,282.166259765625
0.0003162277660168379,349.4088134765625
0.001,366.550537109375
