para,error
1.0e-6,130.03834533691406
3.162277660168379e-6,16.385173797607422
9.999999999999999e-6,5.593899726867676
3.1622776601683795e-5,101.60357666015625
9.999999999999999e-5,285.976806640625
0.0003162277660168379,349.06732177734375
0.001,368.79669189453125
