para,error
0.5,3971.737060546875
1.0,1750.7296142578125
1.5,438.6048889160156
2.0,33.34480285644531
2.5,32.37297058105469
3.0,65.55833435058594
3.5,93.14482116699219
4.0,110.75756072998047
4.5,143.1406707763672
5.0,183.6171875
5.5,239.28390502929688
6.0,403.08990478515625
6.5,698.1717529296875
7.0,1120.04638671875
7.5,1671.7318115234375
8.0,2353.9423828125
8.5,3166.678466796875
9.0,4109.9404296875
9.5,5183.7275390625
10.0,6388.04052734375
