para,error
0.00562341325190349,31.279190063476562
0.009999999999999998,25.05546760559082
0.017782794100389226,23.5008544921875
