para,error
1.0e-6,4.9557576179504395
1.7782794100389227e-6,4.55142879486084
3.162277660168379e-6,5.013026237487793
