para,error
1.0000000000000003e-5,3.532200574874878
1.3335214321633242e-5,3.489926338195801
1.778279410038923e-5,3.488359212875366
