para,mean_err,std_err
1.0e-6,5.730067048754011,0.18078952083037675
1.0000000000000002e-6,5.604305267333984,0.09731445185172517
3.16227766016838e-6,5.624977111816406,0.1275077956769943
1.0000000000000003e-5,5.75444575718471,0.26189988268061776
3.1622776601683795e-5,5.785007340567453,0.33361333870434723
0.00010000000000000002,6.085700716291155,0.41451798840806825
