para,error
3.1622776601683796e-6,43.481468200683594
1.0e-5,49.780704498291016
3.1622776601683795e-5,51.110416412353516
