para,error
1.0e-6,118.8592300415039
3.162277660168379e-6,15.13899040222168
9.999999999999999e-6,5.339897155761719
3.1622776601683795e-5,119.43309783935547
9.999999999999999e-5,285.8458251953125
0.0003162277660168379,335.544921875
0.001,344.33538818359375
