para,error
1.0e-6,5.593899726867676
3.162277660168379e-6,5.893117427825928
9.999999999999999e-6,5.633793354034424
3.162277660168379e-5,5.68664026260376
9.999999999999999e-5,6.6526384353637695
