para,error
3.1622776601683796e-6,3.8282341957092285
5.623413251903491e-6,4.016966342926025
1.0e-5,3.689883232116699
