para,error
1.0e-5,10.704150199890137
3.1622776601683795e-5,10.228620529174805
0.0001,8.382579803466797
0.00031622776601683794,7.506098747253418
0.001,5.417354583740234
0.0031622776601683794,7.7064361572265625
0.01,16.537878036499023
0.03162277660168379,23.596813201904297
0.1,25.632749557495117
