para,error
1.0e-5,10.91135025024414
3.1622776601683795e-5,10.13519287109375
0.0001,8.446483612060547
0.00031622776601683794,7.674416542053223
0.001,5.435625076293945
0.0031622776601683794,8.4180908203125
0.01,16.678028106689453
0.03162277660168379,23.03635597229004
0.1,28.892305374145508
