para,error
5.62341325190349e-6,6.419317722320557
9.999999999999999e-6,4.932843208312988
1.7782794100389226e-5,8.24662971496582
