para,error
0.001000000000000001,3.9602746963500977
0.0017782794100389247,3.4973695278167725
0.0031622776601683824,3.947105646133423
