para,error
1.0e-6,5.491340160369873
1.0000000000000002e-6,5.641913890838623
3.16227766016838e-6,5.629601955413818
1.0000000000000003e-5,5.8126349449157715
3.1622776601683795e-5,5.779451847076416
0.00010000000000000002,6.832630157470703
