para,error
1.0e-6,9.144781112670898
1.7782794100389227e-6,6.498533248901367
5.62341325190349e-6,3.4857850074768066
1.778279410038923e-5,8.032299041748047
5.623413251903491e-5,18.958534240722656
0.00017782794100389227,101.97819519042969
0.000562341325190349,126.21278381347656
