para,error
0.5,3542.94677734375
1.0,1227.997802734375
1.5,158.65460205078125
2.0,27.513599395751953
2.5,36.48213195800781
3.0,100.98941040039062
3.5,479.4220886230469
4.0,1298.2774658203125
4.5,2558.754150390625
5.0,4260.8525390625
5.5,6404.572265625
6.0,8989.9140625
6.5,12016.8759765625
7.0,15485.4599609375
7.5,19393.1484375
8.0,23742.091796875
8.5,28532.3125
9.0,33763.81640625
9.5,39436.6015625
10.0,45550.66796875
