para,error
1.0e-5,26.887113571166992
1.778279410038923e-5,26.598709106445312
3.1622776601683795e-5,27.279645919799805
