para,error
9.999999999999999e-5,4.21958065032959
