para,error
1.0e-6,5.789910793304443
1.7782794100389233e-6,5.473056793212891
5.623413251903492e-6,6.053057670593262
1.7782794100389232e-5,5.369998455047607
5.623413251903493e-5,6.946928977966309
0.00017782794100389232,10.621912002563477
0.0005623413251903492,33.11095428466797
0.0017782794100389232,91.73179626464844
