para,error
0.0017782794100389247,3.887486457824707
