para,error
0.5,5133.0888671875
1.0,1851.614013671875
1.5,275.26666259765625
2.0,103.61540222167969
2.5,43.81462097167969
3.0,79.48499298095703
3.5,253.188232421875
4.0,296.4107360839844
4.5,299.335205078125
5.0,358.88739013671875
5.5,427.1947021484375
6.0,503.2469482421875
6.5,615.8133544921875
7.0,859.7509765625
7.5,1242.9749755859375
8.0,1765.4853515625
8.5,2427.2822265625
9.0,3228.365478515625
9.5,4168.7353515625
10.0,5248.3916015625
