para,error
2.3713737056616556e-6,2.2498906112e10
