para,error
1.0e-6,4.724862575531006
1.7782794100389227e-6,4.8446197509765625
3.162277660168379e-6,4.724114894866943
