para,error
0.03162277660168379,6.511935710906982
