para,error
0.5,3540.86083984375
1.0,1225.4400634765625
1.5,155.36447143554688
2.0,23.2001953125
2.5,33.75117492675781
3.0,69.50460052490234
3.5,279.44061279296875
4.0,872.5669555664062
4.5,1857.624267578125
5.0,3234.613037109375
5.5,5003.53271484375
6.0,7164.38330078125
6.5,9717.1650390625
7.0,12661.87890625
7.5,15998.5224609375
8.0,19727.09765625
8.5,23847.603515625
9.0,28360.041015625
9.5,33264.40625
10.0,38560.7109375
