para,error
0.00031622776601683794,2.477140188217163
0.001,1.7093232870101929
0.0031622776601683794,1.2318196296691895
0.010000000000000002,1.3123409748077393
0.0316227766016838,1.1189337968826294
0.10000000000000002,0.953524649143219
