para,error
1.7782794100389232e-5,14.53162956237793
