para,error
1.0e-6,139.22918701171875
3.162277660168379e-6,16.198522567749023
9.999999999999999e-6,5.026580333709717
3.1622776601683795e-5,100.46578979492188
9.999999999999999e-5,280.2653503417969
0.0003162277660168379,351.08599853515625
0.001,369.5768737792969
