para,error
0.5,121.97685241699219
1.0,24.86343002319336
1.5,4.2749176025390625
2.0,5.321255683898926
2.5,8.012048721313477
3.0,8.280224800109863
3.5,8.168388366699219
4.0,10.218637466430664
4.5,14.404157638549805
5.0,22.426362991333008
5.5,34.43510437011719
6.0,49.94888687133789
6.5,53.154640197753906
7.0,52.70695495605469
7.5,52.319435119628906
8.0,51.98072814941406
8.5,51.68216323852539
9.0,51.417022705078125
9.5,51.17999267578125
10.0,50.966827392578125
