para,error
1.0e-6,5.170121192932129
3.1622776601683796e-6,4.8924360275268555
3.1622776601683795e-5,4.883737564086914
