para,error
1.0e-6,3.6734061241149902
1.333521432163324e-6,3.9482595920562744
4.216965034285823e-6,3.702059268951416
1.3335214321633242e-5,3.664724349975586
4.216965034285823e-5,3.4857850074768066
0.00013335214321633242,3.8328535556793213
0.0004216965034285823,4.127222061157227
0.001333521432163324,4.269493103027344
0.004216965034285823,3.6865992546081543
