para,error
1.0e-5,26.196046829223633
1.778279410038923e-5,25.798629760742188
3.1622776601683795e-5,25.456138610839844
