para,error
4.2169650342858236e-5,3.562896728515625
5.623413251903492e-5,3.575845241546631
7.49894209332456e-5,3.658140182495117
