para,error
0.5,311.719970703125
1.0,75.41146850585938
1.5,13.976753234863281
2.0,11.00244140625
