para,error
1.3335214321633242e-5,4.9493608474731445
1.778279410038923e-5,4.916700839996338
2.3713737056616554e-5,4.858262538909912
