para,error
2.3713737056616565e-6,9.464398384094238
7.498942093324561e-6,8.548837661743164
2.3713737056616564e-5,7.725624084472656
7.498942093324561e-5,7.083261489868164
0.00023713737056616562,5.1457743644714355
0.0007498942093324562,8.488405227661133
0.0023713737056616562,18.56813621520996
0.007498942093324561,53.152870178222656
0.02371373705661656,93.1403579711914
