para,error
3.16227766016838e-5,3.887486457824707
