para,error
1.0e-6,4.063610553741455
9.999999999999999e-6,3.8834781646728516
0.0001,4.493370056152344
0.001,4.290614128112793
0.01,4.232794761657715
0.1,4.888252258300781
