para,error
1.0e-6,4.271098613739014
9.999999999999999e-6,4.499336242675781
9.999999999999999e-5,4.143194198608398
