para,error
5.623413251903491e-6,27.445030212402344
1.0e-5,23.351449966430664
1.778279410038923e-5,25.479633331298828
