para,error
0.0001333521432163324,5.013308048248291
0.00017782794100389224,5.141262054443359
0.00023713737056616546,5.100281715393066
