para,error
0.00023713737056616562,14.53162956237793
