para,error
1.0e-6,5.04613733291626
3.162277660168379e-6,5.382334232330322
9.999999999999999e-6,5.631545066833496
3.162277660168379e-5,5.92076301574707
9.999999999999999e-5,6.726531982421875
