para,error
5.623413251903491e-6,29.697696685791016
1.0e-5,31.180809020996094
1.778279410038923e-5,24.85533905029297
