para,error
0.5,434.2608642578125
1.0,113.53530883789062
1.5,17.662160873413086
2.0,5.725609302520752
2.5,7.175258636474609
3.0,9.61280632019043
3.5,13.516904830932617
4.0,19.34351921081543
4.5,29.94324493408203
5.0,43.20713424682617
5.5,57.849456787109375
6.0,73.07658386230469
6.5,88.39645385742188
7.0,103.5055923461914
7.5,118.22029113769531
8.0,132.43370056152344
8.5,146.08871459960938
9.0,159.160400390625
9.5,171.64459228515625
10.0,183.55038452148438
