para,error
7.498942093324558e-6,4.885369300842285
9.999999999999999e-6,4.858262538909912
1.3335214321633239e-5,4.916700839996338
