para,error
5.62341325190349e-6,6.198582172393799
9.999999999999999e-6,4.55142879486084
1.7782794100389226e-5,8.322444915771484
