para,error
0.5,77.18344116210938
1.0,62.31706619262695
1.5,14.112492561340332
2.0,0.9582796096801758
2.5,1.885048747062683
3.0,2.6149215698242188
3.5,3.677154541015625
4.0,4.315396785736084
4.5,3.6488795280456543
5.0,3.3266210556030273
5.5,3.0929489135742188
6.0,2.9855284690856934
6.5,2.9787566661834717
7.0,3.0382304191589355
7.5,3.1411561965942383
8.0,3.2721853256225586
8.5,3.4208483695983887
9.0,3.57993745803833
9.5,3.509006977081299
10.0,3.448394775390625
