para,error
1.7782794100389222e-5,28.675838470458984
3.162277660168378e-5,31.784046173095703
5.623413251903489e-5,26.692794799804688
