para,error
5.62341325190349e-6,108.78880310058594
9.999999999999999e-6,35.491302490234375
1.7782794100389226e-5,23.351449966430664
