para,error
0.5,3545.700927734375
1.0,1227.8914794921875
1.5,148.19894409179688
2.0,24.633766174316406
2.5,35.38936233520508
3.0,99.73550415039062
3.5,483.83782958984375
4.0,1306.023193359375
4.5,2570.1044921875
5.0,4276.08154296875
5.5,6423.955078125
6.0,9013.724609375
6.5,12045.388671875
7.0,15518.94921875
7.5,19434.40625
8.0,23791.759765625
8.5,28591.009765625
9.0,33832.15234375
9.5,39515.1953125
10.0,45640.1328125
