para,error
0.03162277660168381,4.777114391326904
0.3162277660168381,4.340977191925049
3.162277660168381,4.068612575531006
