para,error
2.371373705661656e-5,3.6140427589416504
3.16227766016838e-5,3.625248670578003
4.2169650342858236e-5,3.4540748596191406
