para,error
5.623413251903491e-6,4.550694465637207
1.0e-5,4.579587936401367
1.778279410038923e-5,4.3130106925964355
