para,error
2.3713737056616557e-5,3.6428446769714355
3.1622776601683795e-5,3.7149810791015625
4.216965034285823e-5,3.5761618614196777
