para,error
1.0e-6,133.55091857910156
3.162277660168379e-6,16.701961517333984
9.999999999999999e-6,5.349177360534668
3.1622776601683795e-5,104.63682556152344
9.999999999999999e-5,282.2334899902344
0.0003162277660168379,348.696044921875
0.001,368.9573974609375
