para,error
1.0e-6,5.450869083404541
3.162277660168379e-6,5.2144083976745605
1.0e-5,5.241365909576416
3.162277660168379e-5,5.146176338195801
9.999999999999999e-5,5.544269561767578
0.00031622776601683794,5.789607048034668
