para,error
3.162277660168379e-6,4.579587936401367
5.62341325190349e-6,4.3130106925964355
9.999999999999999e-6,5.626365661621094
