para,error
0.00031622776601683794,5.078197479248047
0.0005623413251903491,4.898597240447998
0.001,5.134439468383789
