para,error
0.5,77.24632263183594
1.0,64.11567687988281
1.5,15.28021240234375
2.0,0.9793963432312012
2.5,1.948390245437622
3.0,2.606780529022217
3.5,3.335451602935791
4.0,4.59566593170166
4.5,3.927103042602539
5.0,3.575900077819824
5.5,3.4448509216308594
6.0,3.3508412837982178
6.5,3.348513126373291
7.0,3.4114973545074463
7.5,3.517221450805664
8.0,3.5077571868896484
8.5,3.3754334449768066
9.0,3.2732040882110596
9.5,3.194390296936035
10.0,3.1337780952453613
