para,error
0.5,279.26708984375
1.0,46.70061492919922
1.5,3.9324493408203125
2.0,6.599205493927002
