para,error
0.5,37.64140319824219
1.0,5.606685638427734
1.5,3.4540748596191406
2.0,10.717723846435547
2.5,56.33271026611328
3.0,117.12417602539062
3.5,183.00491333007812
4.0,250.39566040039062
4.5,316.627197265625
5.0,380.33245849609375
5.5,440.864990234375
6.0,497.98101806640625
6.5,551.6611328125
7.0,602.0086669921875
7.5,649.1902465820312
8.0,693.40185546875
8.5,734.8486328125
9.0,773.7335815429688
9.5,810.2510986328125
10.0,844.5840454101562
