para,error
1.0e-6,4.454922676086426
1.3335214321633243e-6,4.81337833404541
4.216965034285824e-6,4.395417213439941
1.3335214321633244e-5,4.559578895568848
4.2169650342858236e-5,3.825140953063965
0.00013335214321633245,4.567989349365234
0.00042169650342858235,6.161347389221191
0.0013335214321633243,8.381223678588867
0.004216965034285824,8.30190372467041
