para,error
0.010000000000000002,10.893081665039062
0.1,19.158605575561523
1.0,15.309150695800781
10.0,22.658443450927734
