para,error
1.0e-6,5.607895851135254
3.162277660168379e-6,5.196018218994141
1.0e-5,5.863363265991211
3.162277660168379e-5,5.540836334228516
9.999999999999999e-5,4.831402778625488
0.00031622776601683794,5.4791059494018555
