para,error
1.778279410038923e-5,5.006901741027832
3.1622776601683795e-5,5.174333572387695
5.623413251903491e-5,5.065868377685547
