para,error
1.0e-6,5.663189888000488
1.7782794100389233e-6,5.594158172607422
5.623413251903492e-6,5.763720512390137
1.7782794100389232e-5,5.593899726867676
5.623413251903493e-5,6.4154229164123535
0.00017782794100389232,11.951641082763672
0.0005623413251903492,36.46765899658203
0.0017782794100389232,97.741455078125
