para,error
1.0e-6,7.11620569229126
9.999999999999999e-6,6.114892959594727
0.0001,6.345273494720459
0.001,6.634254455566406
0.01,6.78123664855957
0.1,8.637335777282715
