para,error
0.5,382.252197265625
1.0,64.46715545654297
1.5,10.893081665039062
2.0,11.846633911132812
