para,error
1.0e-6,9.008356094360352
9.999999999999999e-6,4.883737564086914
9.999999999999999e-5,53.179893493652344
