para,error
1.0e-5,5.011171340942383
1.778279410038923e-5,4.724114894866943
3.1622776601683795e-5,4.8446197509765625
