para,error
0.0031622776601683794,43.81462097167969
0.01,46.035484313964844
0.0316227766016838,60.729713439941406
