para,error
0.5,430.53997802734375
1.0,108.26812744140625
1.5,14.921088218688965
2.0,5.569667339324951
