para,error
0.0031622776601683794,55.71662902832031
0.01,45.49870300292969
0.0316227766016838,64.45890808105469
