para,error
2.3713737056616565e-6,9.619990348815918
7.498942093324561e-6,9.484506607055664
2.3713737056616564e-5,8.935704231262207
7.498942093324561e-5,7.326886177062988
0.00023713737056616562,5.04613733291626
0.0007498942093324562,10.58857250213623
0.0023713737056616562,19.81863784790039
0.007498942093324561,52.227394104003906
0.02371373705661656,89.94754028320312
