para,error
4.216965034285822e-6,3.658140182495117
5.62341325190349e-6,3.562896728515625
7.498942093324557e-6,3.854130983352661
