para,error
7.49894209332456e-6,5.205468654632568
1.0e-5,5.026780128479004
1.333521432163324e-5,4.946329116821289
