para,error
1.0e-5,28.675838470458984
1.778279410038923e-5,28.5427188873291
3.1622776601683795e-5,26.692794799804688
