para,error
1.0e-6,5.302722930908203
1.7782794100389233e-6,6.363818168640137
5.623413251903492e-6,5.83139705657959
1.7782794100389232e-5,5.1457743644714355
5.623413251903493e-5,6.66491174697876
0.00017782794100389232,10.652830123901367
0.0005623413251903492,41.215694427490234
0.0017782794100389232,95.15763092041016
