para,error
0.5,3766.984375
1.0,1498.430908203125
1.5,293.79766845703125
2.0,56.569766998291016
2.5,49.246368408203125
3.0,64.86375427246094
3.5,96.8019027709961
4.0,119.47834014892578
4.5,148.1616973876953
5.0,211.99240112304688
5.5,424.6867370605469
6.0,800.9025268554688
6.5,1340.9866943359375
7.0,2044.9393310546875
7.5,2912.76025390625
8.0,3944.449951171875
8.5,5140.00732421875
9.0,6499.43359375
9.5,8022.728515625
10.0,9709.8916015625
