para,error
0.5,93.71219635009766
1.0,5.730153560638428
1.5,5.725188732147217
2.0,5.444387435913086
2.5,6.275092601776123
3.0,8.575652122497559
3.5,10.37870979309082
4.0,11.017701148986816
4.5,10.786752700805664
5.0,10.555047988891602
5.5,10.49689769744873
6.0,10.542546272277832
6.5,10.65029525756836
7.0,10.794544219970703
7.5,10.900923728942871
8.0,10.988021850585938
8.5,11.089483261108398
9.0,11.199366569519043
9.5,11.312981605529785
10.0,11.369678497314453
