para,error
1.0e-6,4.898597240447998
1.7782794100389227e-6,5.078197479248047
