para,error
1.0e-6,5.404714107513428
9.999999999999999e-6,4.068612575531006
9.999999999999999e-5,14.076693534851074
