para,error
0.5,273.7467346191406
1.0,46.205589294433594
1.5,4.221179962158203
2.0,6.74470329284668
