para,error
0.0005623413251903491,120.69622802734375
0.001,100.12521362304688
0.0017782794100389228,64.4671630859375
