para,error
0.001000000000000001,4.524479866027832
0.0017782794100389247,3.689883232116699
0.0031622776601683824,4.264387130737305
