para,error
1.0e-6,4.880634307861328
1.778279410038923e-6,4.80397367477417
5.623413251903491e-6,4.654106616973877
1.778279410038923e-5,3.7873871326446533
5.6234132519034914e-5,4.915323257446289
0.0001778279410038923,5.270439147949219
0.0005623413251903491,5.838925361633301
0.001778279410038923,7.027988433837891
