para,error
5.62341325190349e-5,24.40432357788086
9.999999999999999e-5,26.065635681152344
0.00017782794100389227,23.2001953125
