para,error
5.623413251903491e-6,5.080753326416016
1.0e-5,4.55142879486084
1.778279410038923e-5,5.013026237487793
