para,error
0.00031622776601683794,5.479818820953369
0.001,5.27702522277832
0.0031622776601683794,5.609176158905029
