para,error
0.0005623413251903491,103.31781005859375
0.001,91.9442367553711
0.0017782794100389228,63.027687072753906
