para,error
1.3335214321633242e-5,3.625248670578003
1.778279410038923e-5,3.6140427589416504
2.3713737056616554e-5,3.4540748596191406
