para,error
4.216965034285822e-6,3.6902756690979004
5.62341325190349e-6,3.602355718612671
7.498942093324557e-6,3.943066120147705
