para,error
1.0000000000000002e-6,11.999324798583984
