para,error
1.0000000000000002e-6,5.401210308074951
3.1622776601683796e-6,5.779204368591309
1.0e-5,5.823040008544922
