para,error
0.5,3118.53173828125
1.0,2175.73486328125
1.5,1412.207763671875
2.0,827.9507446289062
2.5,422.96356201171875
3.0,197.2462921142578
3.5,143.75689697265625
4.0,130.06365966796875
4.5,127.77296447753906
5.0,125.17259216308594
5.5,124.36759948730469
6.0,125.68582153320312
6.5,124.63233947753906
7.0,124.50968933105469
7.5,123.88252258300781
8.0,123.30583190917969
8.5,125.64505004882812
9.0,126.62156677246094
9.5,126.8363265991211
10.0,126.53976440429688
