para,error
0.0013335214321633256,3.4540748596191406
0.0017782794100389247,3.6140427589416504
0.0023713737056616576,3.854757785797119
