para,error
9.999999999999999e-6,37.07886505126953
1.7782794100389226e-5,26.692794799804688
3.162277660168379e-5,70.1528091430664
