para,mean_err,std_err
1.0e-6,50.00521632603237,0.924533734015003
3.162277660168379e-6,8.57560580117362,0.17500600267030172
9.999999999999999e-6,4.174094200134277,0.053800149468541204
3.1622776601683795e-5,15.087470054626465,0.5424128783234023
9.999999999999999e-5,40.17414256504604,0.9553455365604241
0.0003162277660168379,43.924080984933035,0.7647123098229259
0.001,55.51594597952707,1.0340074967118051
