para,error
4.216965034285823e-5,3.602355718612671
5.6234132519034914e-5,3.7330427169799805
7.498942093324559e-5,3.622570514678955
