para,error
1.0e-6,48.52111053466797
3.162277660168379e-6,8.861471176147461
9.999999999999999e-6,4.185429573059082
3.1622776601683795e-5,15.116168022155762
9.999999999999999e-5,40.691650390625
0.0003162277660168379,43.16181564331055
0.001,56.106651306152344
