para,error
0.0031622776601683816,4.813732147216797
0.03162277660168381,4.616982936859131
0.3162277660168381,4.461600303649902
