para,error
0.03162277660168381,4.553513526916504
0.3162277660168381,4.143194198608398
3.162277660168381,4.627938270568848
