para,error
0.3162277660168381,6.511935710906982
