para,error
0.5,3894.685546875
1.0,1649.0860595703125
1.5,364.8285217285156
2.0,23.351449966430664
2.5,35.491302490234375
3.0,63.63845443725586
3.5,115.58195495605469
4.0,156.755859375
4.5,206.54782104492188
5.0,303.71588134765625
5.5,564.9412841796875
6.0,997.2606201171875
6.5,1600.673828125
7.0,2375.18115234375
7.5,3320.7822265625
8.0,4437.47705078125
8.5,5725.265625
9.0,7184.1484375
9.5,8814.125
10.0,10615.1953125
