para,error
0.0001778279410038923,2.23367696e8
