para,error
1.0000000000000002e-6,0.9754425287246704
3.1622776601683796e-6,1.0166462659835815
1.0e-5,0.9609287977218628
