para,error
3.162277660168379e-6,243.88909912109375
9.999999999999999e-6,43.481468200683594
3.1622776601683795e-5,109.28126525878906
