para,error
3.1622776601683796e-6,4.340723037719727
4.216965034285822e-6,3.474856376647949
5.62341325190349e-6,3.3743340969085693
