para,error
7.498942093324567e-6,7.67289924621582
2.3713737056616578e-5,7.276463508605957
7.498942093324567e-5,7.809897422790527
0.00023713737056616578,6.199422359466553
0.0007498942093324566,4.096117973327637
0.002371373705661658,3.7307705879211426
0.007498942093324567,7.217889308929443
0.023713737056616578,12.670282363891602
0.07498942093324566,14.223745346069336
