para,error
0.0031622776601683794,1.2420637607574463
0.00316227766016838,1.3920602798461914
0.01,1.1565567255020142
0.010000000000000002,1.1824822425842285
0.0316227766016838,1.0341852903366089
