para,error
3.162277660168379e-6,11.479795455932617
9.999999999999999e-6,4.99399995803833
3.1622776601683795e-5,11.43539047241211
