para,error
1.0e-6,5.769414901733398
1.0000000000000002e-6,5.843935012817383
3.1622776601683796e-6,5.93347692489624
1.0e-5,5.417354583740234
3.1622776601683795e-5,5.762795448303223
0.0001,5.6620283126831055
0.00031622776601683794,5.910212516784668
0.001,8.23132610321045
