para,error
1.0e-6,5.4385881423950195
3.162277660168379e-6,5.369998455047607
9.999999999999999e-6,5.618414402008057
3.162277660168379e-5,5.815253257751465
9.999999999999999e-5,5.748486518859863
