para,error
1.0000000000000002e-6,16.204004287719727
