para,error
1.0e-6,116.54838562011719
3.162277660168379e-6,16.298065185546875
9.999999999999999e-6,5.607349395751953
3.1622776601683795e-5,120.09463500976562
9.999999999999999e-5,286.1893310546875
0.0003162277660168379,335.8291931152344
0.001,344.5927734375
