para,error
3.162277660168379e-6,220.1984405517578
9.999999999999999e-6,40.39888381958008
3.1622776601683795e-5,109.962158203125
