para,error
1.0e-6,131.8078155517578
3.162277660168379e-6,16.650936126708984
9.999999999999999e-6,5.341301918029785
3.1622776601683795e-5,102.06668090820312
9.999999999999999e-5,282.72821044921875
0.0003162277660168379,349.5447998046875
0.001,368.85406494140625
