para,error
9.999999999999999e-5,23.5008544921875
0.00017782794100389227,24.628955841064453
0.0003162277660168379,23.828296661376953
