para,error
1.0e-6,5.178726673126221
3.162277660168379e-6,5.166093349456787
9.999999999999999e-6,5.447422981262207
3.162277660168379e-5,5.773951053619385
9.999999999999999e-5,5.899918556213379
