para,error
3.162277660168379e-6,4.733264923095703
5.62341325190349e-6,3.747462749481201
9.999999999999999e-6,5.081396102905273
