para,error
0.5,100.51761627197266
1.0,5.593016624450684
1.5,5.293641090393066
2.0,5.006901741027832
2.5,6.140810966491699
3.0,7.503666400909424
3.5,9.929247856140137
4.0,11.772176742553711
4.5,13.325447082519531
5.0,15.58786392211914
5.5,17.321611404418945
6.0,19.481502532958984
6.5,21.858308792114258
7.0,23.481353759765625
7.5,25.213180541992188
8.0,27.00642967224121
8.5,28.814434051513672
9.0,30.606708526611328
9.5,32.363582611083984
10.0,34.07267379760742
