para,error
1.3335214321633242e-5,3.562896728515625
1.778279410038923e-5,3.575845241546631
2.3713737056616554e-5,3.6343822479248047
