para,error
0.00031622776601683794,5.294242858886719
0.0005623413251903491,5.102356910705566
0.001,5.006901741027832
