para,error
1.778279410038925e-5,3.502655029296875
5.623413251903497e-5,3.4857850074768066
0.0001778279410038925,3.5720505714416504
0.0005623413251903497,4.502720832824707
0.0017782794100389247,3.518566608428955
0.005623413251903497,4.19656229019165
0.017782794100389247,4.052187919616699
0.05623413251903497,3.629099130630493
0.17782794100389246,4.0683722496032715
