para,error
0.0001,5.85505485534668
0.00031622776601683794,5.791650772094727
0.001,5.401210308074951
