para,error
1.0e-5,19.93450927734375
0.0001,116.95167541503906
0.001,20.518310546875
0.010000000000000002,16.797880172729492
0.1,24.533069610595703
1.0,17.495933532714844
10.0,14.53162956237793
