para,error
5.62341325190349e-6,5.88067626953125
9.999999999999999e-6,4.898597240447998
1.7782794100389226e-5,8.322884559631348
