para,error
0.003162277660168379,46.597625732421875
0.00562341325190349,33.512901306152344
0.009999999999999998,23.351449966430664
