para,error
7.498942093324558e-6,5.134459972381592
9.999999999999999e-6,4.71424674987793
1.3335214321633239e-5,4.908466815948486
