para,error
0.0005623413251903491,4.724114894866943
0.001,5.011171340942383
0.0017782794100389228,4.724862575531006
