para,error
1.0e-6,51.677371978759766
1.7782794100389227e-6,19.717575073242188
5.62341325190349e-6,3.852440357208252
1.778279410038923e-5,11.158382415771484
5.623413251903491e-5,75.83558654785156
0.00017782794100389227,122.140869140625
0.000562341325190349,134.69566345214844
