para,error
9.999999999999999e-5,3.8834781646728516
