para,error
1.0e-5,42.90582275390625
3.1622776601683795e-5,47.80862808227539
0.00010000000000000002,43.67887878417969
