para,error
0.5,430.67578125
1.0,106.06188201904297
1.5,14.017454147338867
2.0,6.195208549499512
