para,error
2.3713737056616565e-6,9.477787017822266
7.498942093324561e-6,9.693782806396484
2.3713737056616564e-5,9.37594985961914
7.498942093324561e-5,7.294747829437256
0.00023713737056616562,5.369998455047607
0.0007498942093324562,10.814294815063477
0.0023713737056616562,19.848541259765625
0.007498942093324561,47.63764953613281
0.02371373705661656,89.5387191772461
