para,error
1.0e-6,4.172900676727295
1.778279410038923e-6,4.551867485046387
5.623413251903491e-6,5.213300704956055
1.778279410038923e-5,4.003592491149902
5.6234132519034914e-5,4.7715959548950195
0.0001778279410038923,4.70534086227417
0.0005623413251903491,5.953582763671875
0.001778279410038923,6.775466442108154
