para,error
0.5,2.2498906112e10
1.0,2.2498906112e10
1.5,2.2498906112e10
2.0,2.2498906112e10
2.5,2.2498906112e10
3.0,2.2498906112e10
3.5,2.2498906112e10
4.0,2.2498906112e10
4.5,2.2498906112e10
5.0,2.2498906112e10
5.5,2.2498906112e10
6.0,2.2498906112e10
6.5,2.2498906112e10
7.0,2.2498906112e10
7.5,2.2498906112e10
8.0,2.2498906112e10
8.5,2.2498906112e10
9.0,2.2498906112e10
9.5,2.2498906112e10
10.0,2.2498906112e10
