para,error
3.1622776601683795e-5,36.04440689086914
5.623413251903491e-5,36.01875686645508
9.999999999999999e-5,32.08423614501953
