para,error
3.162277660168379e-6,4.374695777893066
5.62341325190349e-6,3.4973695278167725
9.999999999999999e-6,4.387356281280518
