para,error
1.0e-6,133.65878295898438
3.162277660168379e-6,17.09267807006836
9.999999999999999e-6,5.369998455047607
3.1622776601683795e-5,105.05848693847656
9.999999999999999e-5,282.25152587890625
0.0003162277660168379,348.56890869140625
0.001,367.0477294921875
