para,error
1.0e-6,4.883737564086914
9.999999999999999e-6,4.8924360275268555
