para,error
0.5,105.5950927734375
1.0,10.112824440002441
1.5,4.461600303649902
2.0,5.587801933288574
2.5,6.558685302734375
3.0,7.012890815734863
3.5,8.400105476379395
4.0,9.904043197631836
4.5,14.964116096496582
5.0,24.886098861694336
5.5,29.630346298217773
6.0,29.079633712768555
6.5,28.617332458496094
7.0,28.223838806152344
7.5,27.884920120239258
8.0,27.590007781982422
8.5,27.331085205078125
9.0,27.101964950561523
9.5,26.89780044555664
10.0,26.71473503112793
