para,error
1.7782794100389227e-6,126.34234619140625
3.162277660168379e-6,122.38780975341797
5.62341325190349e-6,123.40154266357422
