para,error
0.001000000000000001,4.754587173461914
0.0017782794100389247,4.136478900909424
0.0031622776601683824,4.368335723876953
