para,error
1.0e-6,5.699034690856934
1.7782794100389233e-6,5.3709917068481445
5.623413251903492e-6,6.392171382904053
1.7782794100389232e-5,5.349177360534668
5.623413251903493e-5,6.057784557342529
0.00017782794100389232,10.196576118469238
0.0005623413251903492,38.485572814941406
0.0017782794100389232,96.45292663574219
