para,error
0.5,3885.53662109375
1.0,1638.639404296875
1.5,360.93572998046875
2.0,24.85533905029297
2.5,33.68138885498047
3.0,60.53754425048828
3.5,104.7840347290039
4.0,149.04666137695312
4.5,203.371826171875
5.0,334.0085754394531
5.5,634.6363525390625
6.0,1112.971435546875
6.5,1769.0135498046875
7.0,2602.76318359375
7.5,3614.2197265625
8.0,4803.38330078125
8.5,6170.25439453125
9.0,7714.8330078125
9.5,9437.1181640625
10.0,11337.111328125
