para,error
0.316227766016838,1.0093096494674683
1.0000000000000002,0.9754425287246704
3.1622776601683804,0.9609287977218628
