para,error
1.0e-5,5.542360782623291
0.0001,5.408515930175781
0.001,6.094435214996338
0.010000000000000002,6.512284278869629
0.1,6.501917362213135
1.0,6.54987907409668
