para,error
1.0e-6,5.084765434265137
1.778279410038923e-6,4.671435356140137
5.623413251903491e-6,4.420738220214844
1.778279410038923e-5,3.825140953063965
5.6234132519034914e-5,5.438545227050781
0.0001778279410038923,5.149523735046387
0.0005623413251903491,5.876168251037598
0.001778279410038923,7.019716262817383
