para,error
0.5,92.42063903808594
1.0,5.9238739013671875
1.5,5.68233060836792
2.0,5.442967414855957
2.5,6.461245536804199
3.0,8.213809967041016
3.5,11.196646690368652
4.0,11.610108375549316
4.5,11.535825729370117
5.0,11.235950469970703
5.5,10.97066593170166
6.0,10.835508346557617
6.5,10.784330368041992
7.0,10.787891387939453
7.5,10.827260971069336
8.0,10.889935493469238
8.5,10.96751880645752
9.0,11.054306983947754
9.5,11.146385192871094
10.0,11.241056442260742
