para,error
3.16227766016838e-5,3.488359212875366
4.2169650342858236e-5,3.5658552646636963
5.623413251903492e-5,3.8050689697265625
