para,error
1.0e-6,4.663136959075928
1.3335214321633243e-6,4.453386306762695
4.216965034285824e-6,4.578649520874023
1.3335214321633244e-5,4.600648880004883
4.2169650342858236e-5,3.7964839935302734
0.00013335214321633245,5.170724868774414
0.00042169650342858235,6.197261810302734
0.0013335214321633243,7.607524394989014
0.004216965034285824,8.338838577270508
