para,error
1.0e-5,10.734301567077637
3.1622776601683795e-5,9.989923477172852
0.0001,9.465078353881836
0.00031622776601683794,6.723674774169922
0.001,5.491340160369873
0.0031622776601683794,7.373098850250244
0.01,16.075002670288086
0.03162277660168379,23.03270721435547
0.1,26.826549530029297
