para,error
0.00010000000000000002,3.689883232116699
0.00017782794100389232,3.8282341957092285
0.000316227766016838,3.745399236679077
