para,error
7.498942093324567e-6,8.17624568939209
2.3713737056616578e-5,8.451065063476562
7.498942093324567e-5,7.5556640625
0.00023713737056616578,6.7725510597229
0.0007498942093324566,4.231836318969727
0.002371373705661658,3.7873871326446533
0.007498942093324567,7.40675163269043
0.023713737056616578,11.486546516418457
0.07498942093324566,14.77902889251709
