para,error
1.0e-6,37.71067810058594
3.162277660168379e-6,16.172317504882812
9.999999999999999e-6,5.542142391204834
3.1622776601683795e-5,36.63111114501953
9.999999999999999e-5,251.15489196777344
0.0003162277660168379,310.7642822265625
0.001,323.4683837890625
