para,error
1.0000000000000002e-6,10.843667984008789
