para,error
9.999999999999999e-6,44.11326599121094
1.7782794100389226e-5,18.03495216369629
3.162277660168379e-5,66.826171875
