para,error
1.778279410038923e-6,124.079833984375
3.1622776601683796e-6,123.69242858886719
5.623413251903491e-6,123.30583190917969
