para,error
3.162277660168381e-5,1.8831371068954468
0.00010000000000000002,1.761562705039978
