para,error
4.216965034285822e-6,3.554955005645752
5.62341325190349e-6,3.671717882156372
7.498942093324557e-6,4.008087635040283
