para,error
0.001,146.30833435058594
0.0031622776601683794,55.967567443847656
0.01,43.481468200683594
