para,error
5.62341325190349e-6,6.2815117835998535
9.999999999999999e-6,4.724114894866943
1.7782794100389226e-5,8.654809951782227
