para,error
1.0e-6,5.452908515930176
3.162277660168379e-6,5.915996551513672
9.999999999999999e-6,5.511310577392578
3.162277660168379e-5,5.694162368774414
9.999999999999999e-5,5.710527420043945
