para,error
5.62341325190349e-6,122.54629516601562
9.999999999999999e-6,70.63652038574219
1.7782794100389226e-5,64.4671630859375
