para,error
0.5,52.346370697021484
1.0,7.0998687744140625
1.5,3.887486457824707
2.0,18.72002410888672
2.5,75.60872650146484
3.0,156.34146118164062
3.5,249.06309509277344
4.0,346.82086181640625
4.5,445.50482177734375
5.0,542.6961059570312
5.5,637.001220703125
6.0,727.6573486328125
6.5,814.2921142578125
7.0,896.7753295898438
7.5,975.1259765625
8.0,1049.4527587890625
8.5,1119.916748046875
9.0,1186.70703125
9.5,1250.02490234375
10.0,1310.07421875
