para,error
9.999999999999999e-6,33.75117492675781
1.7782794100389226e-5,23.2001953125
3.162277660168379e-5,60.324485778808594
