para,error
0.5,143.9732666015625
1.0,9.731525421142578
1.5,5.685019493103027
2.0,4.99399995803833
2.5,6.149875164031982
3.0,8.623209953308105
3.5,10.224589347839355
4.0,11.495290756225586
4.5,11.43539047241211
5.0,11.599798202514648
5.5,11.717314720153809
6.0,11.698637008666992
6.5,11.735721588134766
7.0,11.816402435302734
7.5,11.923723220825195
8.0,12.046716690063477
8.5,12.178201675415039
9.0,12.307487487792969
9.5,12.385393142700195
10.0,12.46780776977539
