para,error
1.7782794100389232e-5,10.893081665039062
