para,error
7.498942093324567e-6,7.477319717407227
2.3713737056616578e-5,8.222026824951172
7.498942093324567e-5,7.779829978942871
0.00023713737056616578,6.634661674499512
0.0007498942093324566,4.417149066925049
0.002371373705661658,3.7964839935302734
0.007498942093324567,7.734567642211914
0.023713737056616578,12.080480575561523
0.07498942093324566,13.824766159057617
