para,error
0.3162277660168381,4.297108173370361
