para,error
1.0e-6,53.20558166503906
1.7782794100389227e-6,20.830581665039062
5.62341325190349e-6,3.7156219482421875
1.778279410038923e-5,10.7234468460083
5.623413251903491e-5,75.56419372558594
0.00017782794100389227,121.98868560791016
0.000562341325190349,133.9083251953125
