para,error
0.003162277660168381,52.059669494628906
0.010000000000000005,41.980201721191406
0.03162277660168381,24.295196533203125
0.10000000000000006,7.86320686340332
0.3162277660168381,4.1402764320373535
1.0000000000000007,4.4722418785095215
3.162277660168381,4.8160295486450195
10.0,4.6653947830200195
