para,error
1.0e-6,4.902214050292969
1.778279410038923e-6,5.150501728057861
3.1622776601683796e-6,5.004067897796631
