para,error
3.1622776601683796e-6,25.751903533935547
5.623413251903491e-6,28.04782485961914
1.0e-5,24.10917854309082
