para,error
0.5,3748.8955078125
1.0,1474.1572265625
1.5,277.4123229980469
2.0,58.55361557006836
2.5,42.1775016784668
3.0,62.425636291503906
3.5,103.20401000976562
4.0,135.2935333251953
4.5,161.13021850585938
5.0,213.9114990234375
5.5,405.2448425292969
6.0,756.5972900390625
6.5,1267.9688720703125
7.0,1939.359375
7.5,2770.76904296875
8.0,3762.19775390625
8.5,4913.6455078125
9.0,6225.1123046875
9.5,7696.5986328125
10.0,9328.103515625
