para,mean_err,std_err
1.0e-6,5.3385244607925415,0.18279333087391392
3.162277660168379e-6,5.556593577067058,0.3056034072966327
9.999999999999999e-6,5.752663691838582,0.2991077103666334
3.162277660168379e-5,5.561007817586263,0.322414306667818
9.999999999999999e-5,5.8367317120234175,0.5077167328403693
