para,error
1.0e-6,5.674509525299072
1.0000000000000002e-6,5.6620283126831055
3.16227766016838e-6,5.635260581970215
1.0000000000000003e-5,6.177407264709473
3.1622776601683795e-5,5.417354583740234
0.00010000000000000002,6.050551414489746
