para,error
4.216965034285823e-5,3.887486457824707
