para,error
0.5,100.60553741455078
1.0,5.115263938903809
1.5,5.047822952270508
2.0,5.083268165588379
2.5,6.192687034606934
3.0,8.951252937316895
3.5,10.336246490478516
4.0,11.902567863464355
4.5,13.40573787689209
5.0,15.58004379272461
5.5,17.12408447265625
6.0,18.968624114990234
6.5,21.046846389770508
7.0,23.231294631958008
7.5,25.442888259887695
8.0,27.6326904296875
8.5,29.770870208740234
9.0,31.839839935302734
9.5,33.82992935180664
10.0,35.73660659790039
