para,error
1.0e-6,4.787450790405273
1.3335214321633243e-6,4.497000694274902
4.216965034285824e-6,4.50929069519043
1.3335214321633244e-5,4.803404808044434
4.2169650342858236e-5,3.8127222061157227
0.00013335214321633245,5.425833702087402
0.00042169650342858235,6.962954521179199
0.0013335214321633243,7.908914566040039
0.004216965034285824,8.238970756530762
