para,error
7.498942093324558e-6,4.916700839996338
9.999999999999999e-6,4.858262538909912
1.3335214321633239e-5,6.095934867858887
