para,error
0.5,2.23367776e8
1.0,2.23367696e8
1.5,2.23367696e8
2.0,2.23367696e8
2.5,2.23367712e8
3.0,2.23367744e8
3.5,2.23367776e8
4.0,2.2336784e8
4.5,2.23367904e8
5.0,2.23367952e8
5.5,2.23368e8
6.0,2.23368048e8
6.5,2.23368112e8
7.0,2.23368128e8
7.5,2.23368176e8
8.0,2.2336824e8
8.5,2.23368256e8
9.0,2.23368288e8
9.5,2.2336832e8
10.0,2.23368352e8
