para,error
3.162277660168379e-6,296.4107360839844
9.999999999999999e-6,43.81462097167969
3.1622776601683795e-5,110.47773742675781
