para,error
1.0e-6,51.108924865722656
3.162277660168379e-6,43.481468200683594
