para,error
4.216965034285822e-6,3.8235254287719727
5.62341325190349e-6,3.4799726009368896
7.498942093324557e-6,3.959195613861084
