para,error
9.999999999999999e-6,43.12905502319336
1.7782794100389226e-5,26.598709106445312
3.162277660168379e-5,71.52444458007812
