para,error
5.62341325190349e-6,5.539431571960449
