para,error
1.0e-6,4.1402764320373535
3.1622776601683788e-6,4.324429988861084
9.999999999999999e-6,4.332341194152832
3.162277660168379e-5,4.174121856689453
9.999999999999999e-5,4.259720325469971
0.00031622776601683794,4.260324478149414
0.001,4.869738578796387
0.003162277660168379,7.397933483123779
0.009999999999999998,11.385872840881348
