para,error
1.0e-6,5.252193450927734
1.7782794100389233e-6,5.115007400512695
5.623413251903492e-6,5.727306365966797
1.7782794100389232e-5,5.549297332763672
5.623413251903493e-5,6.258763790130615
0.00017782794100389232,11.02846622467041
0.0005623413251903492,34.03163146972656
0.0017782794100389232,98.91128540039062
