para,error
0.5,3547.921630859375
1.0,1229.421630859375
1.5,157.33389282226562
2.0,24.062442779541016
2.5,44.13870620727539
3.0,102.16080474853516
3.5,462.4158630371094
4.0,1254.1474609375
4.5,2481.32666015625
5.0,4143.95361328125
5.5,6242.0283203125
6.0,8775.55078125
6.5,11744.5224609375
7.0,15148.9404296875
7.5,18988.806640625
8.0,23264.119140625
8.5,27974.880859375
9.0,33121.08984375
9.5,38702.75
10.0,44719.85546875
