para,error
5.623413251903491e-6,23.5008544921875
1.0e-5,25.55328941345215
1.778279410038923e-5,23.870925903320312
