para,error
0.03162277660168379,4.252284049987793
