para,error
1.0e-6,50.94328308105469
1.7782794100389227e-6,20.486194610595703
5.62341325190349e-6,3.7307705879211426
1.778279410038923e-5,11.972716331481934
5.623413251903491e-5,76.291748046875
0.00017782794100389227,121.67131042480469
0.000562341325190349,134.39410400390625
