para,error
3.162277660168379e-6,263.5860595703125
9.999999999999999e-6,48.299190521240234
3.1622776601683795e-5,109.447021484375
