para,error
1.0e-6,44.6202278137207
3.162277660168379e-6,40.39888381958008
1.0e-5,50.32990646362305
