para,error
1.0e-5,5.725188732147217
3.1622776601683795e-5,5.547663688659668
0.00010000000000000002,5.444387435913086
