para,error
1.0e-6,128.92576599121094
3.162277660168379e-6,16.680522918701172
9.999999999999999e-6,5.166093349456787
3.1622776601683795e-5,102.34001159667969
9.999999999999999e-5,282.92315673828125
0.0003162277660168379,346.9975891113281
0.001,368.495361328125
