para,error
0.5,83.50323486328125
1.0,4.86954402923584
1.5,4.913180351257324
2.0,5.213921546936035
2.5,6.695647716522217
3.0,9.382560729980469
3.5,16.430313110351562
4.0,27.760356903076172
4.5,40.52497100830078
5.0,53.73213577270508
5.5,66.94338989257812
6.0,79.80357360839844
6.5,92.12967681884766
7.0,103.83704376220703
7.5,114.89750671386719
8.0,125.31509399414062
8.5,135.11170959472656
9.0,144.31866455078125
9.5,152.9715576171875
10.0,161.10726928710938
