para,error
0.00023713737056616562,10.893081665039062
