para,error
1.0e-5,4.136478900909424
1.778279410038923e-5,4.197481632232666
3.1622776601683795e-5,4.405420780181885
