para,error
1.0000000000000002e-6,5.3328728675842285
