para,error
9.999999999999999e-6,4.210620880126953
