para,error
1.0,3.5510478019714355
3.1622776601683795,4.207624435424805
10.0,3.667560577392578
31.622776601683793,4.057332992553711
100.0,3.7062184810638428
