para,error
0.03162277660168379,4.21958065032959
