para,error
0.00316227766016838,4.081543922424316
0.010000000000000002,3.663832187652588
0.0316227766016838,3.7032392024993896
