para,error
1.0e-5,5.078197479248047
1.778279410038923e-5,5.133078098297119
3.1622776601683795e-5,4.898597240447998
