para,error
0.0010000000000000013,3.474856376647949
0.0013335214321633256,3.6839089393615723
0.0017782794100389247,3.3743340969085693
