para,error
9.999999999999999e-6,5.412734508514404
