para,error
5.62341325190349e-5,28.04782485961914
9.999999999999999e-5,27.49250030517578
0.00017782794100389227,24.10917854309082
