para,error
1.0e-6,43.81462097167969
1.0000000000000002e-6,49.46760940551758
3.16227766016838e-6,49.019065856933594
