para,error
1.0e-6,6.195208549499512
9.999999999999999e-6,7.069218635559082
0.0001,6.2090044021606445
0.001,6.750065326690674
0.01,7.829982757568359
0.1,7.844712257385254
