para,error
1.0e-5,24.40432357788086
1.778279410038923e-5,23.981082916259766
3.1622776601683795e-5,23.2001953125
