para,error
0.00031622776601683794,5.362737655639648
0.001,5.500868320465088
0.0031622776601683794,5.633768558502197
