para,error
3.162277660168379e-6,296.07147216796875
9.999999999999999e-6,42.15233612060547
3.1622776601683795e-5,103.78618621826172
