para,error
1.0e-6,51.902530670166016
1.7782794100389227e-6,19.24483299255371
5.62341325190349e-6,4.003592491149902
1.778279410038923e-5,11.899805068969727
5.623413251903491e-5,76.94677734375
0.00017782794100389227,121.67179870605469
0.000562341325190349,134.2318572998047
