para,error
3.1622776601683795e-5,42.1775016784668
5.623413251903491e-5,48.024959564208984
9.999999999999999e-5,48.96921920776367
