para,error
1.0000000000000002e-6,5.725609302520752
