para,error
3.16227766016838e-5,3.474130153656006
4.2169650342858236e-5,3.604480266571045
5.623413251903492e-5,3.3743340969085693
