para,error
0.001,1.2318196296691895
0.0031622776601683794,1.4982521533966064
0.01,2.25457763671875
0.010000000000000002,1.2320468425750732
0.0316227766016838,1.1189337968826294
0.10000000000000002,0.953524649143219
