para,error
1.0e-6,5.178726673126221
1.7782794100389233e-6,5.605801582336426
5.623413251903492e-6,5.23370361328125
1.7782794100389232e-5,5.166093349456787
5.623413251903493e-5,6.915736198425293
0.00017782794100389232,10.499950408935547
0.0005623413251903492,35.341400146484375
0.0017782794100389232,87.97968292236328
