para,error
1.0e-6,111.1665267944336
3.162277660168379e-6,17.545909881591797
9.999999999999999e-6,5.489427089691162
3.1622776601683795e-5,118.8779296875
9.999999999999999e-5,285.44403076171875
0.0003162277660168379,336.18511962890625
0.001,344.41815185546875
