para,error
1.0e-6,4.4967546463012695
1.778279410038923e-6,4.542672634124756
5.623413251903491e-6,4.407008171081543
1.778279410038923e-5,3.8947949409484863
5.6234132519034914e-5,4.705654144287109
0.0001778279410038923,4.827086448669434
0.0005623413251903491,5.925100803375244
0.001778279410038923,7.962886810302734
