para,error
0.009999999999999998,26.20198631286621
0.017782794100389226,22.18691635131836
0.03162277660168379,22.609844207763672
