para,error
1.7782794100389227e-6,130.81765747070312
3.162277660168379e-6,123.30583190917969
5.62341325190349e-6,124.36759948730469
