para,error
1.0e-6,4.620126724243164
1.3335214321633243e-6,4.721637725830078
4.216965034285824e-6,4.119688510894775
1.3335214321633244e-5,4.722657203674316
4.2169650342858236e-5,4.003592491149902
0.00013335214321633245,4.920836448669434
0.00042169650342858235,6.416933059692383
0.0013335214321633243,8.569137573242188
0.004216965034285824,8.621057510375977
