para,error
5.62341325190349e-6,3.887486457824707
