para,error
0.5,3581.23583984375
1.0,1267.7841796875
1.5,172.47975158691406
2.0,26.692794799804688
2.5,37.07886505126953
3.0,70.86698913574219
3.5,311.2567443847656
4.0,955.6610107421875
4.5,2004.080078125
5.0,3456.513671875
5.5,5312.9619140625
6.0,7573.423828125
6.5,10237.9013671875
7.0,13306.392578125
7.5,16778.8984375
8.0,20655.419921875
8.5,24935.955078125
9.0,29620.505859375
9.5,34709.0703125
10.0,40201.6484375
