para,error
0.000316227766016838,4.136478900909424
0.0005623413251903492,4.518044948577881
0.0010000000000000002,4.578476428985596
