para,error
1.0e-6,4.346228122711182
3.1622776601683788e-6,4.179555892944336
9.999999999999999e-6,4.3084540367126465
3.162277660168379e-5,4.419740676879883
9.999999999999999e-5,4.2481536865234375
0.00031622776601683794,4.390913009643555
0.001,4.935207843780518
0.003162277660168379,7.373175621032715
0.009999999999999998,11.156503677368164
