para,error
3.1622776601683795e-5,51.216861724853516
5.623413251903491e-5,49.246368408203125
9.999999999999999e-5,49.33142852783203
