para,error
4.216965034285822e-6,3.616579055786133
5.62341325190349e-6,3.516572952270508
7.498942093324557e-6,4.025625705718994
