para,error
0.5,434.3631591796875
1.0,107.41859436035156
1.5,15.87394905090332
2.0,6.114892959594727
