para,error
9.999999999999999e-6,35.38936233520508
1.7782794100389226e-5,24.633766174316406
3.162277660168379e-5,69.99585723876953
