para,error
5.62341325190349e-6,6.265911102294922
9.999999999999999e-6,4.820069313049316
1.7782794100389226e-5,7.472168445587158
