para,error
1.0,7.988000869750977
3.1622776601683795,7.696987152099609
10.0,6.422072410583496
31.622776601683793,6.2713727951049805
100.0,7.508124828338623
