para,error
9.999999999999999e-5,5.38688850402832
0.00017782794100389227,4.841652870178223
0.0003162277660168379,5.1647796630859375
