para,error
0.001,6.570677757263184
0.01,6.866621971130371
0.1,8.000164031982422
