para,error
3.162277660168379e-5,22.609844207763672
5.62341325190349e-5,26.44167709350586
9.999999999999998e-5,22.18691635131836
