para,error
0.00031622776601683794,5.614236354827881
0.001,5.500164031982422
0.0031622776601683794,5.442967414855957
