para,error
3.16227766016838e-5,3.609865427017212
4.2169650342858236e-5,3.516572952270508
5.623413251903492e-5,3.616579055786133
