para,error
1.0e-6,51.582618713378906
1.7782794100389227e-6,19.673355102539062
5.62341325190349e-6,3.825140953063965
1.778279410038923e-5,11.530771255493164
5.623413251903491e-5,76.83509826660156
0.00017782794100389227,121.93763732910156
0.000562341325190349,134.32913208007812
