para,error
1.0e-5,5.442967414855957
3.1622776601683795e-5,5.500164031982422
0.00010000000000000002,5.614236354827881
