para,error
1.0e-6,4.511699676513672
1.778279410038923e-6,4.60540771484375
5.623413251903491e-6,5.005070686340332
1.778279410038923e-5,3.7307705879211426
5.6234132519034914e-5,4.79461669921875
0.0001778279410038923,4.759509563446045
0.0005623413251903491,5.23129415512085
0.001778279410038923,7.043636322021484
