para,error
5.623413251903491e-6,32.08423614501953
1.0e-5,37.3814582824707
1.778279410038923e-5,36.01875686645508
