para,error
0.0007498942093324566,5.539431571960449
