para,error
3.162277660168379e-6,2.0069377422332764
9.999999999999999e-6,0.9056155681610107
3.1622776601683795e-5,1.5375125408172607
