para,error
3.162277660168379e-6,13.052403450012207
9.999999999999999e-6,5.27702522277832
3.1622776601683795e-5,9.939253807067871
