para,error
3.162277660168379e-6,12.856589317321777
9.999999999999999e-6,5.442967414855957
3.1622776601683795e-5,10.784330368041992
