para,error
0.00017782794100389224,4.932843208312988
0.0003162277660168379,5.050982475280762
0.000562341325190349,5.15910530090332
