para,error
0.00017782794100389227,4.55142879486084
0.00031622776601683794,4.922371864318848
0.0005623413251903491,5.264533042907715
