para,error
0.5,366.14141845703125
1.0,67.82243347167969
1.5,6.511935710906982
2.0,10.715310096740723
