para,error
1.0e-6,3.646791458129883
1.333521432163324e-6,3.706118106842041
4.216965034285823e-6,3.6841487884521484
1.3335214321633242e-5,3.6920247077941895
4.216965034285823e-5,3.448124408721924
0.00013335214321633242,3.893745183944702
0.0004216965034285823,3.649035692214966
0.001333521432163324,4.233730316162109
0.004216965034285823,3.883190155029297
