para,error
4.2169650342858236e-5,3.602355718612671
5.623413251903492e-5,3.6902756690979004
7.49894209332456e-5,3.7164220809936523
