para,error
0.5,338.2441711425781
1.0,70.09051513671875
1.5,8.687004089355469
2.0,5.607349395751953
2.5,6.517091751098633
3.0,8.772122383117676
3.5,9.580862998962402
4.0,13.061823844909668
4.5,20.306188583374023
5.0,29.89046287536621
5.5,40.68262481689453
6.0,40.922489166259766
6.5,44.19355010986328
7.0,44.09437561035156
7.5,42.75459289550781
8.0,41.60718536376953
8.5,40.61461639404297
9.0,39.74833297729492
9.5,38.98628234863281
10.0,38.311180114746094
