para,error
3.1622776601683796e-6,4.99399995803833
1.0e-5,5.53251838684082
3.1622776601683795e-5,5.1866350173950195
