para,error
1.0e-6,5.193234920501709
1.7782794100389233e-6,5.163244247436523
5.623413251903492e-6,5.518952369689941
1.7782794100389232e-5,5.026580333709717
5.623413251903493e-5,5.9320454597473145
0.00017782794100389232,10.074052810668945
0.0005623413251903492,38.57923126220703
0.0017782794100389232,95.79975128173828
