para,error
0.5,2.23367776e8
1.0,2.23367696e8
1.5,2.23367696e8
2.0,2.23367696e8
2.5,2.23367712e8
3.0,2.23367744e8
3.5,2.23367792e8
4.0,2.23367824e8
4.5,2.23367904e8
5.0,2.23367968e8
5.5,2.23368e8
6.0,2.23368048e8
6.5,2.23368096e8
7.0,2.23368144e8
7.5,2.23368192e8
8.0,2.23368224e8
8.5,2.23368256e8
9.0,2.23368304e8
9.5,2.23368336e8
10.0,2.23368384e8
