para,error
0.5,5130.05126953125
1.0,1848.09033203125
1.5,273.8075866699219
2.0,99.32461547851562
2.5,48.061729431152344
3.0,75.55581665039062
3.5,254.171875
4.0,237.11688232421875
4.5,252.2728729248047
5.0,305.83184814453125
5.5,365.2272033691406
6.0,434.448974609375
6.5,547.849853515625
7.0,798.850341796875
7.5,1190.89306640625
8.0,1723.97802734375
8.5,2398.10546875
9.0,3213.27490234375
9.5,4169.48681640625
10.0,5266.7412109375
