para,error
3.1622776601683796e-6,5.444387435913086
1.0e-5,5.616569995880127
3.1622776601683795e-5,5.725188732147217
