para,error
1.0e-6,50.86531066894531
3.162277660168379e-6,8.546079635620117
9.999999999999999e-6,4.1402764320373535
3.1622776601683795e-5,15.904905319213867
9.999999999999999e-5,39.411285400390625
0.0003162277660168379,43.73110580444336
0.001,54.90338134765625
