para,error
1.0e-6,3.942361354827881
1.0000000000000002e-6,3.8039064407348633
3.1622776601683805e-6,3.654642105102539
1.0000000000000003e-5,3.5165607929229736
3.16227766016838e-5,3.448124408721924
0.00010000000000000003,3.774231195449829
0.00031622776601683805,4.351988792419434
0.0010000000000000002,4.942050933837891
0.0031622776601683803,7.000915050506592
