para,error
1.0e-6,4.444690704345703
3.1622776601683788e-6,4.3246941566467285
9.999999999999999e-6,4.251234531402588
3.162277660168379e-5,4.448399066925049
9.999999999999999e-5,4.259305953979492
0.00031622776601683794,4.1756110191345215
0.001,4.749804496765137
0.003162277660168379,7.619131088256836
0.009999999999999998,10.503154754638672
