para,error
1.778279410038923e-5,18.03495216369629
3.1622776601683795e-5,20.344606399536133
5.623413251903491e-5,19.342491149902344
