para,error
0.5,4.943434715270996
1.0,3.5601351261138916
1.5,3.442754030227661
2.0,5.763795852661133
2.5,10.761861801147461
3.0,10.820438385009766
3.5,11.762808799743652
4.0,20.07469367980957
4.5,32.68164825439453
5.0,31.89499282836914
5.5,31.26042938232422
6.0,30.73802375793457
6.5,30.300626754760742
7.0,29.929168701171875
7.5,29.609851837158203
8.0,29.329174041748047
8.5,29.07573699951172
9.0,28.851821899414062
9.5,28.646408081054688
10.0,28.460289001464844
