para,error
0.003162277660168379,47.753028869628906
0.00562341325190349,34.66608428955078
0.009999999999999998,24.85533905029297
