para,error
7.49894209332456e-6,5.158285140991211
1.0e-5,5.013308048248291
1.333521432163324e-5,5.141262054443359
