para,error
5.62341325190349e-6,6.531494617462158
9.999999999999999e-6,4.841652870178223
1.7782794100389226e-5,8.8259859085083
