para,error
9.999999999999999e-6,44.13870620727539
1.7782794100389226e-5,24.062442779541016
3.162277660168379e-5,71.95181274414062
