para,error
5.62341325190349e-6,97.65142822265625
9.999999999999999e-6,32.37297058105469
1.7782794100389226e-5,33.34480285644531
