para,error
0.5,96.03634643554688
1.0,11.658143043518066
1.5,4.143194198608398
2.0,5.790414810180664
2.5,6.277170181274414
3.0,6.596474647521973
3.5,8.546976089477539
4.0,11.154343605041504
4.5,19.11603546142578
5.0,18.501129150390625
5.5,18.01519775390625
6.0,17.62245750427246
6.5,17.29903793334961
7.0,17.017154693603516
7.5,16.72238540649414
8.0,16.467527389526367
8.5,16.24506378173828
9.0,16.049243927001953
9.5,15.875589370727539
10.0,15.720569610595703
