para,error
0.0017782794100389247,3.4799726009368896
0.0023713737056616576,3.657315254211426
0.0031622776601683824,3.8235254287719727
