para,error
0.0001,5.403449058532715
0.0001333521432163324,5.204628944396973
0.00017782794100389227,4.946329116821289
