para,error
9.999999999999999e-6,32.08423614501953
1.7782794100389226e-5,36.01875686645508
3.162277660168379e-5,59.923362731933594
