para,error
3.162277660168378e-5,24.062442779541016
5.6234132519034893e-5,29.609840393066406
9.999999999999998e-5,28.10602569580078
