para,error
1.0e-5,10.722908020019531
3.1622776601683795e-5,9.794422149658203
0.0001,9.33366870880127
0.00031622776601683794,6.675647735595703
0.001,5.574324607849121
0.0031622776601683794,8.952386856079102
0.01,18.226303100585938
0.03162277660168379,24.323108673095703
0.1,25.953495025634766
