para,error
0.5,294.3545227050781
1.0,53.676979064941406
1.5,4.297108173370361
2.0,6.746217727661133
2.5,17.370330810546875
3.0,43.30517578125
3.5,76.01686096191406
4.0,111.09230041503906
4.5,146.27133178710938
5.0,180.40704345703125
5.5,212.94540405273438
6.0,243.65403747558594
6.5,272.4756774902344
7.0,299.44732666015625
7.5,324.6545715332031
8.0,348.20599365234375
8.5,370.21826171875
9.0,390.80804443359375
9.5,410.0874328613281
10.0,428.16180419921875
