para,error
1.0e-6,4.533705711364746
9.999999999999999e-6,4.461600303649902
