para,error
0.0001,76.3976821899414
0.00031622776601683794,75.38709259033203
0.001,75.23113250732422
0.0031622776601683794,77.19292449951172
0.01,86.191650390625
