para,error
0.00031622776601683794,5.047822952270508
0.0005623413251903491,5.083268165588379
0.001,5.17559289932251
