para,error
9.999999999999999e-5,25.479633331298828
0.00017782794100389227,23.351449966430664
0.0003162277660168379,26.608890533447266
