para,error
0.5,5199.6796875
1.0,1928.08154296875
1.5,304.89617919921875
2.0,104.34038543701172
2.5,42.90582275390625
3.0,82.5781021118164
3.5,150.1841278076172
4.0,178.38961791992188
4.5,211.9495849609375
5.0,338.0155334472656
5.5,265.8219299316406
6.0,237.87777709960938
6.5,255.52310180664062
7.0,277.54620361328125
7.5,302.4193115234375
8.0,327.34246826171875
8.5,355.06756591796875
9.0,383.7901916503906
9.5,412.48760986328125
10.0,465.3596496582031
