para,error
7.498942093324567e-6,8.343526840209961
2.3713737056616578e-5,7.748044490814209
7.498942093324567e-5,8.007049560546875
0.00023713737056616578,7.035300254821777
0.0007498942093324566,4.395417213439941
0.002371373705661658,3.825140953063965
0.007498942093324567,7.526508808135986
0.023713737056616578,12.168904304504395
0.07498942093324566,14.528230667114258
