para,error
2.3713737056616565e-6,9.047992706298828
7.498942093324561e-6,8.861564636230469
2.3713737056616564e-5,8.43848991394043
7.498942093324561e-5,7.400088310241699
0.00023713737056616562,5.115007400512695
0.0007498942093324562,9.54500675201416
0.0023713737056616562,17.73583984375
0.007498942093324561,54.86827850341797
0.02371373705661656,91.66142272949219
