para,error
1.0e-6,5.893226623535156
1.0000000000000002e-6,5.514786243438721
3.16227766016838e-6,5.542679786682129
1.0000000000000003e-5,5.489427089691162
3.1622776601683795e-5,6.08806848526001
0.00010000000000000002,5.603830814361572
