para,error
0.00031622776601683794,4.559946537017822
0.0031622776601683794,4.553513526916504
0.03162277660168379,4.143194198608398
