para,error
5.623413251903492e-5,3.4973695278167725
0.00010000000000000002,3.591026782989502
0.0001778279410038923,3.7539522647857666
