para,error
1.0e-6,51.828758239746094
1.7782794100389227e-6,20.068979263305664
5.62341325190349e-6,3.9192826747894287
1.778279410038923e-5,11.04672622680664
5.623413251903491e-5,75.74967956542969
0.00017782794100389227,121.17668914794922
0.000562341325190349,133.69630432128906
