para,error
0.5,338.1190185546875
1.0,71.83135986328125
1.5,9.453185081481934
2.0,5.417354583740234
2.5,6.520803451538086
3.0,8.530420303344727
3.5,9.587392807006836
4.0,13.996126174926758
4.5,22.057172775268555
5.0,32.467342376708984
5.5,38.13468551635742
6.0,37.938785552978516
6.5,42.01457595825195
7.0,42.54249572753906
7.5,41.24868392944336
8.0,40.142539978027344
8.5,39.18720245361328
9.0,38.354679107666016
9.5,37.62336730957031
10.0,36.97636795043945
