para,error
1.778279410038923e-5,69.69854736328125
3.1622776601683795e-5,70.89674377441406
5.623413251903491e-5,64.4671630859375
