para,error
0.001,139.89328002929688
0.0031622776601683794,50.101139068603516
0.01,42.90582275390625
