para,error
5.62341325190349e-6,6.816616058349609
9.999999999999999e-6,4.9628472328186035
1.7782794100389226e-5,8.540311813354492
