para,error
9.999999999999999e-5,5.0030012130737305
0.00017782794100389227,4.983712196350098
0.0003162277660168379,4.9628472328186035
