para,error
0.0013335214321633256,3.658140182495117
0.0017782794100389247,3.562896728515625
0.0023713737056616576,3.575845241546631
