para,error
0.00017782794100389227,4.887656211853027
0.0002371373705661655,4.86954402923584
0.0003162277660168379,4.913180351257324
