para,error
0.001,145.02537536621094
0.0031622776601683794,55.99488830566406
0.01,40.39888381958008
