para,error
1.0e-5,5.047822952270508
1.778279410038923e-5,5.293985366821289
3.1622776601683795e-5,5.226147651672363
