para,error
3.162277660168379e-6,261.43255615234375
9.999999999999999e-6,45.49870300292969
3.1622776601683795e-5,105.84000396728516
