para,error
1.0e-6,4.409714698791504
9.999999999999999e-6,4.554930686950684
0.0001,4.221179962158203
0.001,4.43605375289917
0.01,4.951300621032715
0.1,4.866144180297852
