para,error
1.0e-6,136.48985290527344
3.162277660168379e-6,17.514942169189453
9.999999999999999e-6,5.1457743644714355
3.1622776601683795e-5,101.86679077148438
9.999999999999999e-5,281.66998291015625
0.0003162277660168379,347.0465087890625
0.001,368.396728515625
