para,error
3.162277660168379e-6,237.11688232421875
9.999999999999999e-6,48.061729431152344
3.1622776601683795e-5,106.48780822753906
