para,error
3.1622776601683796e-6,48.024959564208984
5.623413251903491e-6,46.862857818603516
1.0e-5,42.1775016784668
