para,error
0.03162277660168381,4.883737564086914
0.3162277660168381,5.2122602462768555
3.162277660168381,5.0183610916137695
