para,error
5.623413251903492e-6,6.573078632354736
1.778279410038923e-5,6.777856349945068
5.6234132519034914e-5,6.315987586975098
0.0001778279410038923,5.382796764373779
0.0005623413251903491,5.146176338195801
0.001778279410038923,5.697695732116699
0.005623413251903491,6.267063140869141
0.01778279410038923,6.194918632507324
0.05623413251903491,6.274708271026611
