para,error
0.0005623413251903491,4.902214050292969
0.001,5.036077976226807
0.0017782794100389228,5.2252702713012695
