para,error
0.001,3.7270302772521973
0.0031622776601683794,3.49383282661438
0.01,4.205826759338379
