para,error
0.3162277660168381,4.210620880126953
