para,error
3.162277660168379e-6,237.87777709960938
9.999999999999999e-6,42.90582275390625
3.1622776601683795e-5,104.34038543701172
