para,error
0.5,109.4485092163086
1.0,11.023964881896973
1.5,9.026859283447266
2.0,8.281510353088379
2.5,7.762517929077148
3.0,8.70692253112793
3.5,9.871307373046875
4.0,19.332569122314453
4.5,35.08066940307617
5.0,55.39912414550781
5.5,79.00144958496094
6.0,104.91739654541016
6.5,132.41163635253906
7.0,160.92486572265625
7.5,190.0308380126953
8.0,219.4044952392578
8.5,248.79824829101562
9.0,278.02410888671875
9.5,306.9402770996094
10.0,335.440673828125
