para,error
2.3713737056616565e-6,9.7327880859375
7.498942093324561e-6,9.319355010986328
2.3713737056616564e-5,8.942917823791504
7.498942093324561e-5,6.76284122467041
0.00023713737056616562,5.349177360534668
0.0007498942093324562,9.724862098693848
0.0023713737056616562,22.30504608154297
0.007498942093324561,50.10472106933594
0.02371373705661656,89.17582702636719
