para,error
0.03162277660168379,11.00244140625
