para,error
1.0e-6,4.400075912475586
9.999999999999999e-6,4.3647565841674805
0.0001,4.252284049987793
0.001,4.494335174560547
0.01,4.457555770874023
0.1,4.855113983154297
