para,error
1.0e-5,5.169991493225098
1.778279410038923e-5,4.985464096069336
3.1622776601683795e-5,4.820069313049316
