para,error
1.0e-6,6.558685302734375
9.999999999999999e-6,4.461600303649902
9.999999999999999e-5,26.71473503112793
