para,error
0.0001333521432163324,5.138491153717041
0.00017782794100389227,4.71424674987793
0.0002371373705661655,4.7893171310424805
