para,error
4.2169650342858236e-5,3.7149734497070312
5.623413251903492e-5,3.554955005645752
7.49894209332456e-5,3.671717882156372
