para,error
1.0e-6,5.341301918029785
3.162277660168379e-6,5.509886264801025
9.999999999999999e-6,5.823098182678223
3.162277660168379e-5,5.996253967285156
9.999999999999999e-5,5.717820644378662
