para,error
4.2169650342858236e-5,5.539431571960449
