para,error
9.999999999999999e-6,36.48213195800781
1.7782794100389226e-5,27.513599395751953
3.162277660168379e-5,72.68089294433594
