para,error
7.498942093324567e-6,7.380558013916016
2.3713737056616578e-5,7.780961990356445
7.498942093324567e-5,7.2520551681518555
0.00023713737056616578,6.246940612792969
0.0007498942093324566,4.434723854064941
0.002371373705661658,3.7156219482421875
0.007498942093324567,7.947976112365723
0.023713737056616578,12.638526916503906
0.07498942093324566,15.11449146270752
