para,error
1.0000000000000002e-6,5.1389384269714355
3.1622776601683796e-6,5.285406112670898
1.0e-5,4.99399995803833
