para,error
0.0013335214321633256,3.554955005645752
0.0017782794100389247,3.6950788497924805
0.0023713737056616576,3.671717882156372
