para,error
0.001,2.203274965286255
0.0031622776601683794,1.4699490070343018
0.01,1.1565567255020142
0.0316227766016838,1.0341852903366089
