para,error
0.5,274.64508056640625
1.0,45.028465270996094
1.5,4.21958065032959
2.0,6.230862617492676
