para,error
3.1622776601683796e-6,24.64604377746582
5.623413251903491e-6,24.633766174316406
1.0e-5,25.488601684570312
