para,error
0.03162277660168381,4.8450117111206055
0.3162277660168381,4.181082725524902
3.162277660168381,4.089977264404297
