para,error
3.1622776601683795e-5,3.541229248046875
4.216965034285823e-5,3.671140193939209
5.6234132519034914e-5,3.4852843284606934
