para,error
0.5,5203.52294921875
1.0,1931.30615234375
1.5,303.0400390625
2.0,109.28126525878906
2.5,43.481468200683594
3.0,86.2869644165039
3.5,153.8026123046875
4.0,182.4628448486328
4.5,217.59530639648438
5.0,357.8817138671875
5.5,311.7373962402344
6.0,243.88909912109375
6.5,246.7317352294922
7.0,268.30621337890625
7.5,291.38494873046875
8.0,318.4134826660156
8.5,346.10302734375
9.0,375.16046142578125
9.5,405.58294677734375
10.0,465.2642517089844
