para,error
0.3162277660168381,6.570677757263184
