para,error
3.162277660168379e-6,1.863004446029663
9.999999999999999e-6,0.9501502513885498
3.1622776601683795e-5,1.663977861404419
