para,error
1.0000000000000002e-6,5.517433166503906
3.1622776601683796e-6,5.362737655639648
1.0e-5,5.500868320465088
