para,error
0.003162277660168379,37.31557083129883
0.00562341325190349,24.10917854309082
0.009999999999999998,25.751903533935547
