para,error
0.5,48.26755905151367
1.0,6.148770332336426
1.5,3.4799726009368896
2.0,9.996501922607422
2.5,51.648433685302734
3.0,107.92317199707031
3.5,171.02249145507812
4.0,235.82754516601562
4.5,299.6202697753906
5.0,361.01239013671875
5.5,419.34716796875
6.0,474.37469482421875
6.5,526.0708618164062
7.0,574.534423828125
7.5,619.9275512695312
8.0,662.4415283203125
8.5,702.276611328125
9.0,739.631103515625
9.5,774.69482421875
10.0,807.64599609375
