para,error
1.778279410038925e-5,3.5426907539367676
5.623413251903497e-5,3.448124408721924
0.0001778279410038925,3.4541900157928467
0.0005623413251903497,4.3633317947387695
0.0017782794100389247,3.5165607929229736
0.005623413251903497,4.296854019165039
0.017782794100389247,3.8930153846740723
0.05623413251903497,3.5985913276672363
0.17782794100389246,3.49428129196167
