para,error
0.5,88.93821716308594
1.0,4.55142879486084
1.5,4.922371864318848
2.0,5.264533042907715
2.5,6.233983516693115
3.0,9.782262802124023
3.5,11.120976448059082
4.0,12.748022079467773
4.5,14.795125961303711
5.0,16.571529388427734
5.5,19.041061401367188
6.0,21.559078216552734
6.5,24.203521728515625
7.0,26.906478881835938
7.5,29.594009399414062
8.0,32.22175598144531
8.5,34.763938903808594
9.0,37.20652389526367
9.5,39.54296875
10.0,41.771484375
