para,error
0.5,373.8524169921875
1.0,82.59242248535156
1.5,17.613706588745117
2.0,14.53162956237793
