para,error
2.3713737056616557e-5,3.6743998527526855
3.1622776601683795e-5,3.6484265327453613
4.216965034285823e-5,3.4799726009368896
