para,error
7.498942093324567e-6,7.887577056884766
2.3713737056616578e-5,7.785468101501465
7.498942093324567e-5,7.24488639831543
0.00023713737056616578,6.64146614074707
0.0007498942093324566,4.119688510894775
0.002371373705661658,4.003592491149902
0.007498942093324567,7.48528528213501
0.023713737056616578,12.044313430786133
0.07498942093324566,15.292631149291992
