para,error
1.0e-6,40.39888381958008
3.162277660168379e-6,50.32990646362305
