para,error
0.3162277660168381,3.9324493408203125
