para,error
3.1622776601683796e-6,0.9793963432312012
1.0e-5,0.9887098073959351
3.1622776601683795e-5,1.044018268585205
