para,error
0.03162277660168379,4.210620880126953
