para,error
1.0000000000000002e-6,7.621349811553955
3.1622776601683796e-6,3.663832187652588
1.0e-5,4.077060699462891
