para,error
0.00031622776601683794,5.747497081756592
0.0009999999999999998,5.26462459564209
0.0031622776601683794,4.696308135986328
0.01,4.6821980476379395
0.03162277660168379,4.281223773956299
0.1,7.762720108032227
0.3162277660168379,23.486711502075195
0.9999999999999999,45.725372314453125
3.162277660168379,51.70610046386719
