para,error
1.0e-6,5.3709917068481445
3.162277660168379e-6,6.079195976257324
9.999999999999999e-6,5.773324966430664
3.162277660168379e-5,5.349177360534668
9.999999999999999e-5,5.641122817993164
