para,error
1.0e-6,5.165860652923584
1.7782794100389227e-6,4.845212936401367
3.162277660168379e-6,4.841652870178223
