para,error
1.0e-6,4.481537818908691
9.999999999999999e-6,4.469823837280273
0.0001,4.359649658203125
0.001,4.21958065032959
0.01,4.575584411621094
0.1,6.008243560791016
