para,error
4.2169650342858236e-5,3.6428446769714355
5.623413251903492e-5,3.7104074954986572
7.49894209332456e-5,3.5761618614196777
