para,error
9.999999999999999e-6,42.1775016784668
1.7782794100389226e-5,49.2199821472168
3.162277660168379e-5,68.87400817871094
