para,error
1.0e-6,118.56829833984375
3.162277660168379e-6,16.776119232177734
9.999999999999999e-6,5.491340160369873
3.1622776601683795e-5,118.56173706054688
9.999999999999999e-5,285.26800537109375
0.0003162277660168379,335.15716552734375
0.001,344.32623291015625
