para,error
7.498942093324558e-6,5.013308048248291
9.999999999999999e-6,5.100281715393066
1.3335214321633239e-5,6.322410583496094
