para,error
0.001,82.39239501953125
0.0017782794100389228,61.54827880859375
0.003162277660168379,42.1775016784668
