para,error
1.0e-6,4.2749176025390625
9.999999999999999e-6,4.512808322906494
