para,error
5.62341325190349e-6,98.07833862304688
9.999999999999999e-6,33.68138885498047
1.7782794100389226e-5,24.85533905029297
