para,error
1.0e-6,5.163244247436523
3.162277660168379e-6,5.739138603210449
9.999999999999999e-6,6.19796895980835
3.162277660168379e-5,5.026580333709717
9.999999999999999e-5,5.493049621582031
