para,mean_err,std_err
1.0e-6,4.299656799861363,0.12874024364690703
3.1622776601683788e-6,4.315348557063511,0.10167641077628488
9.999999999999999e-6,4.307241712297712,0.03495373498670447
3.162277660168379e-5,4.303067411695208,0.1325669307015658
9.999999999999999e-5,4.236455644880023,0.04403095068528466
0.00031622776601683794,4.279903479984829,0.08764616709843315
0.001,4.842129843575614,0.161749854605645
0.003162277660168379,7.438571998051235,0.18443699833321434
0.009999999999999998,11.005384717668806,0.2968357476825073
