para,error
0.5,81.79249572753906
1.0,8.76384162902832
1.5,4.657982349395752
2.0,3.6235709190368652
2.5,4.7895894050598145
3.0,5.688530921936035
3.5,7.28697395324707
4.0,8.219484329223633
4.5,8.210244178771973
5.0,8.20435905456543
5.5,8.258441925048828
6.0,8.469301223754883
6.5,8.69123649597168
7.0,8.921552658081055
7.5,10.241461753845215
8.0,12.968233108520508
8.5,17.04639434814453
9.0,22.358631134033203
9.5,28.925296783447266
10.0,36.75413513183594
