para,mean_err,std_err
1.0e-5,10.827859333583287,0.17380128227177508
3.1622776601683795e-5,10.064226967947823,0.14567593197294545
0.0001,9.149260520935059,0.518947032501361
0.00031622776601683794,7.1406611033848355,0.41030415542971665
0.001,5.479331152779715,0.09206132648153866
0.0031622776601683794,8.3887985093253,0.6926619298861441
0.01,16.86591693333217,0.689800410024837
0.03162277660168379,23.342403684343612,0.5721707336470272
0.1,26.96914073399135,1.1945827450346995
