para,error
9.999999999999999e-5,6.511935710906982
