para,error
5.623413251903491e-6,70.1047134399414
1.0e-5,64.4671630859375
1.778279410038923e-5,72.49423217773438
