para,error
0.5,436.29473876953125
1.0,111.26679992675781
1.5,16.062854766845703
2.0,5.54005241394043
