para,error
1.0e-6,3.8143067359924316
3.162277660168379e-6,3.49383282661438
