para,error
3.1622776601683796e-6,5.362737655639648
1.0e-5,5.504696369171143
3.1622776601683795e-5,5.500868320465088
