para,error
1.0e-5,11.08078384399414
3.1622776601683795e-5,10.086685180664062
0.0001,9.331350326538086
0.00031622776601683794,7.500998497009277
0.001,5.607349395751953
0.0031622776601683794,8.881755828857422
0.01,16.97150993347168
0.03162277660168379,23.391647338867188
0.1,27.695350646972656
