para,error
0.00031622776601683794,5.529088973999023
0.0009999999999999998,5.238935947418213
0.0031622776601683794,4.881651878356934
0.01,4.383170127868652
0.03162277660168379,4.1756110191345215
0.1,8.842470169067383
0.3162277660168379,22.958084106445312
0.9999999999999999,42.687034606933594
3.162277660168379,55.5976676940918
