para,error
0.5,5118.67724609375
1.0,1836.689697265625
1.5,273.7275085449219
2.0,109.447021484375
2.5,48.299190521240234
3.0,86.57565307617188
3.5,268.9561462402344
4.0,263.5860595703125
4.5,273.24835205078125
5.0,335.65118408203125
5.5,407.07275390625
6.0,487.16876220703125
6.5,608.6036376953125
7.0,865.788330078125
7.5,1251.4346923828125
8.0,1772.193603515625
8.5,2431.94921875
9.0,3230.7021484375
9.5,4168.4521484375
10.0,5245.19873046875
