para,error
0.0010000000000000013,3.6762335300445557
0.0013335214321633256,3.62807559967041
0.0017782794100389247,3.5761618614196777
