para,error
1.0e-6,37.82035827636719
3.162277660168379e-6,14.510490417480469
9.999999999999999e-6,5.146176338195801
3.1622776601683795e-5,20.849197387695312
9.999999999999999e-5,247.2047882080078
0.0003162277660168379,321.63006591796875
0.001,342.03289794921875
