para,error
3.1622776601683796e-6,0.9582796096801758
1.0e-5,0.9886525273323059
3.1622776601683795e-5,0.9726813435554504
