para,error
0.5,3518.916748046875
1.0,1199.7816162109375
1.5,146.128662109375
2.0,26.598709106445312
2.5,43.12905502319336
3.0,136.11163330078125
3.5,612.9804077148438
4.0,1552.827392578125
4.5,2959.5068359375
5.0,4833.0185546875
5.5,7173.36328125
6.0,9980.5400390625
6.5,13254.5498046875
7.0,16995.390625
7.5,21203.06640625
8.0,25877.57421875
8.5,31018.9140625
9.0,36627.0859375
9.5,42702.08984375
10.0,49243.9296875
