para,error
9.999999999999999e-6,6.122437953948975
