para,error
1.0e-6,4.5713725090026855
1.3335214321633243e-6,4.550331115722656
4.216965034285824e-6,4.612462997436523
1.3335214321633244e-5,4.776200294494629
4.2169650342858236e-5,3.7156219482421875
0.00013335214321633245,4.687398910522461
0.00042169650342858235,6.017793655395508
0.0013335214321633243,8.091045379638672
0.004216965034285824,8.468401908874512
