para,error
1.778279410038923e-5,5.1049981117248535
2.3713737056616554e-5,4.86954402923584
3.1622776601683795e-5,4.913180351257324
