para,error
1.0e-5,4.9628472328186035
1.778279410038923e-5,4.983712196350098
3.1622776601683795e-5,5.0030012130737305
