para,error
0.5,4335.369140625
1.0,2255.35205078125
1.5,861.5755004882812
2.0,154.03948974609375
2.5,63.027687072753906
3.0,70.84983825683594
3.5,98.85055541992188
4.0,120.68728637695312
4.5,116.39031982421875
5.0,134.900634765625
5.5,156.59425354003906
6.0,174.3299102783203
6.5,190.27488708496094
7.0,206.37295532226562
7.5,225.3433837890625
8.0,244.9705047607422
8.5,264.5527648925781
9.0,286.20330810546875
9.5,315.338134765625
10.0,379.1467590332031
