k_on,k_off,v_open,v_close,α,β,loss
9.999999999999999e-6,1.0e-5,5.62341325190349e-6,0.0003162277660168379,1.5,3.6,4.9628472328186035
