k_on,k_off,v_open,v_close,α,β,loss
5.62341325190349e-6,5.623413251903492e-5,3.1622776601683795e-5,0.0017782794100389247,1.5,2.4,3.3743340969085693
