k_on,k_off,v_open,v_close,α,β,loss
9.999999999999999e-6,1.333521432163324e-5,9.999999999999999e-6,0.00017782794100389227,1.0,3.4,4.946329116821289
