k_on,k_off,v_open,v_close,α,β,loss
9.999999999999999e-6,1.0e-5,9.999999999999999e-6,0.00017782794100389224,1.0,3.4,4.932843208312988
