k_on,k_off,v_open,v_close,α,β,loss
7.498942093324558e-6,1.0e-5,1.3335214321633239e-5,0.0001333521432163324,1.0,3.2,5.013308048248291
