k_on,k_off,v_open,v_close,α,β,loss
9.999999999999999e-6,0.0001778279410038923,3.162277660168379e-5,1.0e-6,1.0,2.8,2.23367696e8
