k_on,k_off,v_open,v_close,α,β,loss
9.999999999999999e-6,1.778279410038923e-5,1.0e-6,0.0005623413251903491,2.0,3.6,4.902214050292969
