k_on,k_off,v_open,v_close,α,β,loss
4.216965034285822e-6,4.2169650342858236e-5,2.3713737056616554e-5,0.0013335214321633256,1.5,2.4,3.4540748596191406
