k_on,k_off,v_open,v_close,α,β,loss
5.62341325190349e-6,4.2169650342858236e-5,1.3335214321633242e-5,0.0017782794100389247,1.5,2.4,3.562896728515625
