k_on,k_off,v_open,v_close,α,β,loss
5.62341325190349e-6,0.000316227766016838,1.0e-5,0.0017782794100389247,1.5,2.4,4.136478900909424
