k_on,k_off,v_open,v_close,α,β,loss
9.999999999999999e-6,1.778279410038923e-5,3.162277660168379e-5,0.0005623413251903491,2.0,3.6,5.146176338195801
