k_on,k_off,v_open,v_close,α,β,loss
5.62341325190349e-6,3.16227766016838e-5,4.216965034285823e-5,5.623413251903497e-5,1.0,2.2,3.4857850074768066
