k_on,k_off,v_open,v_close,α,β,loss
5.62341325190349e-6,0.001,9.999999999999998e-5,5.623413251903492e-6,0.5,1.6,2.233677056e9
