k_on,k_off,v_open,v_close,α,β,loss
4.216965034285822e-6,5.623413251903492e-5,3.1622776601683795e-5,0.0013335214321633256,1.5,2.4,3.554955005645752
