k_on,k_off,v_open,v_close,α,β,loss
1.7782794100389227e-6,0.0031622776601683807,2.3713737056616556e-6,0.0017782794100389251,0.5,0.7,2.2498906112e10
