k_on,k_off,v_open,v_close,α,β,loss
9.999999999999999e-6,3.1622776601683795e-5,1.778279410038923e-6,0.001,2.0,3.6,4.820069313049316
