k_on,k_off,v_open,v_close,α,β,loss
5.62341325190349e-6,5.623413251903492e-5,5.6234132519034914e-5,0.0023713737056616576,1.5,2.4,3.4852843284606934
