k_on,k_off,v_open,v_close,α,β,loss
9.999999999999999e-6,3.1622776601683795e-5,1.0e-6,0.0005623413251903491,2.0,3.6,4.898597240447998
