k_on,k_off,v_open,v_close,α,β,loss
9.999999999999999e-6,1.778279410038923e-5,3.162277660168379e-6,0.00017782794100389227,1.0,3.4,4.841652870178223
