k_on,k_off,v_open,v_close,α,β,loss
9.999999999999999e-6,2.3713737056616554e-5,9.999999999999999e-6,0.0002371373705661655,1.0,3.4,4.86954402923584
