k_on,k_off,v_open,v_close,α,β,loss
5.62341325190349e-6,4.2169650342858236e-5,3.1622776601683795e-5,0.0023713737056616576,1.5,2.4,3.516572952270508
