k_on,k_off,v_open,v_close,α,β,loss
9.999999999999999e-6,1.778279410038923e-5,1.7782794100389227e-6,0.001,2.0,3.6,5.006901741027832
