k_on,k_off,v_open,v_close,α,β,loss
1.7782794100389227e-6,0.0017782794100389236,1.3335214321633243e-6,0.0010000000000000013,2.4,3.3600000000000003,35.17650279868417
