k_on,k_off,v_open,v_close,α,β,loss
1.0e-6,0.0031622776601683807,2.3713737056616556e-6,0.0017782794100389251,3.8,6.08,20.23928292169449
