k_on,k_off,v_open,v_close,α,β,loss
1.0e-6,0.0017782794100389236,4.216965034285823e-6,0.0010000000000000013,3.6,5.04,16.303960989486423
