k_on,k_off,v_open,v_close,α,β,loss
5.62341325190349e-6,0.001,5.6234132519034893e-5,5.623413251903492e-6,2.0,2.8,3.7355549840205278
