k_on,k_off,v_open,v_close,α,β,loss
1.0e-6,0.0010000000000000005,1.3335214321633243e-6,0.0005623413251903499,3.3,4.619999999999999,29.622878497652245
