k_on,k_off,v_open,v_close,α,β,loss
3.162277660168379e-6,0.001,3.162277660168379e-5,1.0000000000000003e-5,1.7,3.4,3.961046798483466
