k_on,k_off,v_open,v_close,α,β,loss
5.62341325190349e-6,0.001,9.999999999999998e-5,3.16227766016838e-6,2.0,2.8,4.220255565001921
