k_on,k_off,v_open,v_close,α,β,loss
9.999999999999999e-6,0.001778279410038923,3.162277660168379e-6,5.6234132519034914e-5,1.8,2.52,6.399041004716931
