k_on,k_off,v_open,v_close,α,β,loss
1.0e-6,0.0031622776601683807,4.216965034285823e-6,0.0017782794100389251,3.9,6.24,24.62426064765078
