k_on,k_off,v_open,v_close,α,β,loss
1.0e-6,0.031622776601683805,0.0004216965034285823,0.01778279410038925,4.0,16.0,33.54219983272651
