k_on,k_off,v_open,v_close,α,β,loss
1.0e-6,0.00031622776601683805,0.0004216965034285823,0.0001778279410038925,3.1,4.34,69.37868331707291
