k_on,k_off,v_open,v_close,α,β,loss
1.0e-6,0.0031622776601683807,4.216965034285823e-5,0.0017782794100389251,3.4,6.119999999999999,24.98074740764497
