k_on,k_off,v_open,v_close,α,β,loss
9.999999999999999e-6,0.001778279410038923,9.999999999999999e-6,5.623413251903492e-6,1.8,2.52,5.976866699432854
