k_on,k_off,v_open,v_close,α,β,loss
1.0e-6,0.0017782794100389236,2.3713737056616556e-6,0.0010000000000000013,3.6,5.04,10.793799161665067
