k_on,k_off,v_open,v_close,α,β,loss
1.7782794100389227e-6,0.0010000000000000005,4.216965034285823e-6,0.0005623413251903499,2.3,3.2199999999999998,36.84278602538919
