k_on,k_off,v_open,v_close,α,β,loss
5.62341325190349e-6,0.001,5.62341325190349e-5,1.0000000000000003e-5,2.0,2.8,4.038340438310767
