k_on,k_off,v_open,v_close,α,β,loss
1.0e-6,0.0031622776601683807,4.216965034285823e-5,0.001778279410038925,3.7,5.92,40.49728925217046
