k_on,k_off,v_open,v_close,α,β,loss
5.62341325190349e-6,0.001,0.00017782794100389224,3.16227766016838e-6,2.0,2.8,3.9905447060025723
