k_on,k_off,v_open,v_close,α,β,loss
1.7782794100389227e-6,0.0031622776601683807,4.216965034285823e-6,0.0017782794100389251,2.7,3.7800000000000002,31.468730593825917
