k_on,k_off,v_open,v_close,α,β,loss
1.0e-6,0.0001778279410038923,3.162277660168379e-6,0.0005623413251903491,3.7,6.660000000000001,13.28190641634616
