para,error
1.0e-6,13.766685485839844
3.162277660168379e-6,12.35191822052002
1.0e-5,14.074697494506836
