para,error
0.01,0.7128915786743164
0.1,0.7235490083694458
1.0,0.666125476360321
