para,error
0.001,10.94483757019043
0.0031622776601683794,9.648300170898438
0.01,10.752938270568848
