para,error
0.5,131.39723205566406
1.0,24.019248962402344
1.5,16.682310104370117
2.0,12.590723037719727
2.5,11.736641883850098
3.0,12.791447639465332
3.5,13.503641128540039
4.0,13.875873565673828
4.5,15.50473403930664
5.0,16.455440521240234
5.5,16.651412963867188
6.0,16.383405685424805
6.5,15.840049743652344
7.0,16.18268585205078
7.5,16.19931411743164
8.0,16.31479263305664
8.5,16.343135833740234
9.0,16.250988006591797
9.5,16.15697479248047
10.0,16.33175277709961
