para,error
0.001,3.8214361667633057
0.01,3.13918399810791
0.1,3.7310006618499756
