para,error
3.162277660168379e-6,12.337348937988281
9.999999999999999e-6,13.683330535888672
3.1622776601683795e-5,13.965827941894531
