para,error
0.00316227766016838,13.307671546936035
0.010000000000000002,13.693578720092773
0.0316227766016838,15.550189971923828
