para,error
0.0001,5.755062103271484
0.001,5.328404903411865
0.01,7.011847019195557
