para,error
0.0001,10.018367767333984
0.001,5.363158226013184
0.01,6.376233100891113
