para,error
0.001,11.817533493041992
0.01,9.503942489624023
0.1,6.475835800170898
1.0,6.536338806152344
