para,error
0.001,0.7547962665557861
0.01,0.5968396663665771
0.1,4.994139671325684
