para,error
0.1,5.538697719573975
1.0,3.226484775543213
10.0,5.203719139099121
