para,error
9.999999999999999e-6,10.296523094177246
0.0001,8.190837860107422
0.001,12.462395668029785
