para,error
9.999999999999999e-6,5.321695327758789
0.0001,12.139698028564453
0.001,44.36764907836914
0.01,88.81326293945312
0.1,65.5954818725586
