para,error
1.0e-6,1.9283976554870605
9.999999999999999e-6,1.1926352977752686
0.0001,1.3130004405975342
0.001,2.3948240280151367
