para,error
9.999999999999999e-6,3.488276481628418
0.0001,2.654233455657959
0.001,3.836228370666504
