para,error
1.0e-6,28.582963943481445
9.999999999999999e-6,8.196073532104492
0.0001,6.475835800170898
