para,error
1.0000000000000002e-6,5.328404903411865
1.0e-5,5.526814937591553
0.0001,5.755062103271484
