para,error
1.0e-6,9.793218612670898
9.999999999999999e-6,3.5573930740356445
9.999999999999999e-5,8.983955383300781
