para,error
9.999999999999999e-6,1.400486707687378
0.0001,1.297768473625183
0.001,1.7396793365478516
