para,error
0.001,10.88078498840332
0.0031622776601683794,11.537775039672852
0.01,11.91915225982666
