para,error
0.0001,1.170039176940918
0.001,2.208237409591675
0.01,3.1411843299865723
