para,error
9.999999999999999e-6,3.5409131050109863
9.999999999999999e-5,3.13918399810791
0.001,3.812770366668701
