para,error
1.0000000000000004e-5,5.565950393676758
0.00010000000000000003,5.6943559646606445
0.0010000000000000002,5.838172435760498
