para,error
9.999999999999999e-6,4.74748420715332
0.0001,5.441559791564941
0.001,3.840139389038086
0.01,4.368839740753174
0.1,4.67076301574707
