para,error
0.31622776601683794,1.3192108869552612
1.0,0.7547962665557861
3.1622776601683795,0.5968396663665771
