para,error
0.1,8.244811058044434
0.31622776601683794,7.682388782501221
1.0,7.676906585693359
3.1622776601683795,9.408468246459961
