para,error
0.5,191.21543884277344
1.0,34.143348693847656
1.5,7.6308207511901855
2.0,4.274057388305664
2.5,6.739629745483398
3.0,23.284271240234375
3.5,51.291900634765625
4.0,86.0995101928711
4.5,124.72198486328125
5.0,165.2274932861328
5.5,206.35934448242188
6.0,247.30116271972656
6.5,287.52764892578125
7.0,326.7081604003906
7.5,364.6429443359375
8.0,401.220947265625
8.5,436.3909912109375
9.0,470.1424255371094
9.5,502.49139404296875
10.0,533.4718017578125
