para,error
0.00031622776601683794,7.406476020812988
0.001,1.4166653156280518
0.0031622776601683794,7.566370964050293
