para,error
1.0e-6,14.278488159179688
3.162277660168379e-6,13.359794616699219
1.0e-5,19.324705123901367
