para,error
0.1,0.7542606592178345
1.0,0.7751961946487427
10.0,1.0050022602081299
100.0,1.6710623502731323
1000.0,1.4975064992904663
