para,error
0.5,47.19322967529297
1.0,6.7701005935668945
1.5,6.50300931930542
2.0,6.566267013549805
2.5,6.250709533691406
3.0,6.848207473754883
3.5,9.898008346557617
4.0,15.517333030700684
4.5,21.392086029052734
5.0,25.453441619873047
5.5,30.416290283203125
6.0,32.54960632324219
6.5,32.53511047363281
7.0,32.54931640625
7.5,32.58191680908203
8.0,32.54784393310547
8.5,32.517723083496094
9.0,32.50065994262695
9.5,32.49323272705078
10.0,32.492950439453125
