para,error
0.5,205.9761199951172
1.0,40.1903190612793
1.5,17.08028793334961
2.0,14.20168685913086
2.5,13.407588958740234
3.0,12.571285247802734
3.5,14.532876968383789
4.0,14.445594787597656
4.5,15.209358215332031
5.0,17.040300369262695
5.5,16.39373016357422
6.0,16.18649673461914
6.5,15.77244758605957
7.0,15.6734619140625
7.5,15.750025749206543
8.0,15.772550582885742
8.5,16.128150939941406
9.0,16.384647369384766
9.5,16.63962173461914
10.0,16.706748962402344
