para,error
1.0e-5,8.375739097595215
0.0001,5.298393249511719
0.001,6.307722568511963
