para,error
0.0001,1.902087688446045
0.001,1.447289228439331
0.01,1.2322200536727905
0.1,0.7542606592178345
