para,error
1.0e-6,8.797883987426758
0.0001,9.262598037719727
0.001,3.405226230621338
0.01,2.1450634002685547
0.1,2.625722885131836
1.0,2.82137393951416
