para,error
3.162277660168379e-6,24.93099594116211
9.999999999999999e-6,10.2210111618042
3.1622776601683795e-5,21.794387817382812
