para,error
3.162277660168379e-6,25.842662811279297
9.999999999999999e-6,10.832991600036621
3.1622776601683795e-5,24.221588134765625
