para,error
0.001,3.7310006618499756
0.01,3.13918399810791
0.1,4.029602527618408
