para,error
1.0e-6,25.469032287597656
9.999999999999999e-6,5.565950393676758
9.999999999999999e-5,85.79879760742188
