para,error
1.0e-5,11.537775039672852
3.1622776601683795e-5,10.88078498840332
0.00010000000000000002,11.59672737121582
