para,error
9.999999999999999e-6,8.01449966430664
0.0001,7.676906585693359
0.001,9.630558013916016
