para,error
1.0e-6,3.0620555877685547
0.0001,1.165544867515564
0.01,1.1780271530151367
1.0,12.376028060913086
