para,error
0.5,15.133320808410645
1.0,7.169968605041504
1.5,3.7310006618499756
2.0,3.13918399810791
2.5,5.844911575317383
3.0,5.61616325378418
3.5,7.593334197998047
4.0,10.276228904724121
4.5,10.354127883911133
5.0,10.26177978515625
5.5,10.021502494812012
6.0,9.852591514587402
6.5,9.732769012451172
7.0,9.432500839233398
7.5,9.586902618408203
8.0,9.54432487487793
8.5,9.515003204345703
9.0,9.495550155639648
9.5,9.483503341674805
10.0,9.47705364227295
