para,error
1.0e-6,30.01677703857422
9.999999999999999e-6,5.369190216064453
9.999999999999999e-5,54.90700912475586
