para,error
9.999999999999999e-6,2.2390904426574707
0.0001,1.297768473625183
0.001,2.0513079166412354
