para,error
100.0,3.9404425621032715
1000.0,3.1309807300567627
10000.0,2.654233455657959
