para,error
3.1622776601683796e-6,10.764388084411621
1.0e-5,11.140369415283203
3.1622776601683795e-5,9.133087158203125
