para,error
3.162277660168379e-6,25.3955078125
9.999999999999999e-6,10.306502342224121
3.1622776601683795e-5,26.738876342773438
