para,error
1.0e-6,27.168087005615234
9.999999999999999e-6,5.71042537689209
9.999999999999999e-5,141.0379638671875
