para,error
0.5,14.745641708374023
1.0,4.03912353515625
1.5,3.0871737003326416
2.0,1.0640783309936523
2.5,1.693572998046875
3.0,2.170485019683838
3.5,3.1314008235931396
4.0,3.36073637008667
4.5,3.51849102973938
5.0,3.614898920059204
5.5,3.5706851482391357
6.0,3.730729341506958
6.5,3.855740547180176
7.0,3.7037007808685303
7.5,3.833950996398926
8.0,3.5356435775756836
8.5,3.782663583755493
9.0,3.4047586917877197
9.5,3.449744701385498
10.0,3.910943031311035
