para,error
0.0001,5.71856164932251
0.001,5.220674514770508
