para,error
1.0000000000000006e-5,5.755062103271484
0.00010000000000000005,5.328404903411865
0.0010000000000000005,5.845912933349609
