para,error
0.00316227766016838,13.045236587524414
0.010000000000000002,12.56525993347168
0.0316227766016838,14.122919082641602
