para,error
1.0e-6,12.56525993347168
3.162277660168379e-6,13.045236587524414
