para,error
0.0010000000000000002,15.799863815307617
0.00316227766016838,14.52622127532959
0.010000000000000002,14.279356002807617
