para,error
0.00316227766016838,14.605356216430664
0.010000000000000002,13.872525215148926
0.0316227766016838,13.737468719482422
