para,error
0.001,5.689672470092773
0.01,8.239421844482422
0.1,7.430173873901367
