para,error
0.00031622776601683794,13.661541938781738
0.001,12.580158233642578
0.0031622776601683794,12.096073150634766
