para,error
0.01,0.7235490083694458
0.1,0.666125476360321
1.0,0.9277851581573486
