para,error
1.0e-6,27.41537094116211
9.999999999999999e-6,5.689672470092773
9.999999999999999e-5,31.030672073364258
