para,error
3.162277660168379e-6,25.430179595947266
9.999999999999999e-6,10.587081909179688
3.1622776601683795e-5,20.95392417907715
