para,error
1.0e-6,14.340335845947266
3.162277660168379e-6,12.337348937988281
1.0e-5,15.954002380371094
