para,error
0.00031622776601683794,8.350400924682617
0.001,1.6395503282546997
0.0031622776601683794,8.505414962768555
