para,error
0.5,77.15108489990234
1.0,62.2891845703125
1.5,14.429023742675781
2.0,0.9609287977218628
2.5,2.113020658493042
3.0,2.7232165336608887
3.5,3.0073373317718506
4.0,4.246556758880615
4.5,3.661921977996826
5.0,3.318099021911621
5.5,3.1785311698913574
6.0,3.1829895973205566
6.5,3.258261203765869
7.0,3.35263991355896
7.5,3.487762928009033
8.0,3.648526430130005
8.5,3.6923155784606934
9.0,3.6071665287017822
9.5,3.5380311012268066
10.0,3.486268997192383
