para,error
1.0e-5,0.9056155681610107
3.1622776601683795e-5,1.036264181137085
0.00010000000000000002,0.9931421279907227
