para,error
0.5,138.9378204345703
1.0,16.99536895751953
1.5,13.641897201538086
2.0,14.006380081176758
2.5,13.359794616699219
3.0,13.8426513671875
3.5,13.453653335571289
4.0,13.361587524414062
4.5,14.516460418701172
5.0,15.962879180908203
5.5,15.86079216003418
6.0,15.060823440551758
6.5,15.85665512084961
7.0,15.218452453613281
7.5,15.53230094909668
8.0,15.394344329833984
8.5,15.397695541381836
9.0,15.469734191894531
9.5,15.616209030151367
10.0,15.967144966125488
