para,error
3.162277660168379e-7,1.8453457355499268
1.0e-6,2.064479351043701
3.162277660168379e-6,1.6395503282546997
