para,error
0.00031622776601683794,13.83450698852539
0.001,13.578082084655762
0.0031622776601683794,11.736641883850098
