para,error
9.999999999999999e-6,4.726662635803223
0.0001,4.2993879318237305
0.001,3.782369613647461
0.01,3.454486608505249
0.1,3.755113363265991
