para,error
0.5,185.44570922851562
1.0,15.221294403076172
1.5,16.066463470458984
2.0,18.08095359802246
2.5,18.04124641418457
3.0,20.652084350585938
3.5,19.835920333862305
4.0,37.03132247924805
4.5,68.52291107177734
5.0,108.6964111328125
5.5,153.91197204589844
6.0,201.7833709716797
6.5,250.7366485595703
7.0,299.73309326171875
7.5,348.091552734375
8.0,395.3724060058594
8.5,441.3004150390625
9.0,485.712890625
9.5,528.5244750976562
10.0,569.702392578125
