para,error
9.000000000000001e-7,5.433842182159424
1.0e-6,6.091777801513672
1.0e-5,6.345948219299316
0.00010000000000000002,5.71856164932251
0.001,5.220674514770508
