para,error
0.001,13.35572624206543
0.0031622776601683794,12.889206886291504
0.01,13.601821899414062
