para,error
1.0e-6,1.165544867515564
0.0001,1.1780271530151367
0.01,1.62703275680542
1.0,1.587240219116211
