para,error
1.0e-6,13.459687232971191
3.162277660168379e-6,14.172683715820312
1.0e-5,13.519390106201172
