para,error
3.162277660168379e-6,2.105673313140869
9.999999999999999e-6,0.990739107131958
3.1622776601683795e-5,1.4151667356491089
