para,error
0.001,4.7270402908325195
0.01,2.654233455657959
0.1,3.836228370666504
