para,error
0.0001,6.307722568511963
0.001,5.298393249511719
0.01,7.5672807693481445
