para,error
0.01,9.142087936401367
0.1,5.538697719573975
1.0,3.226484775543213
10.0,5.203719139099121
100.0,6.844036102294922
