para,error
1.0e-6,13.693578720092773
3.162277660168379e-6,13.307671546936035
1.0e-5,19.650379180908203
