para,error
1.0000000000000006e-6,5.8016157150268555
1.0000000000000006e-5,5.264140605926514
0.00010000000000000006,5.227410316467285
