para,error
0.001,14.205764770507812
0.0031622776601683794,13.359794616699219
0.01,13.476343154907227
