para,error
3.162277660168379e-6,1.0918370485305786
9.999999999999999e-6,1.0876619815826416
3.1622776601683795e-5,1.0640783309936523
