para,error
0.001,3.9278478622436523
0.01,2.55179500579834
0.1,2.1123056411743164
1.0,1.7347803115844727
10.0,2.0383219718933105
100.0,1.467647671699524
