para,error
1.0e-6,2.325455665588379
3.162277660168379e-6,1.2420637607574463
9.999999999999999e-6,1.0341852903366089
1.0e-5,1.1824822425842285
3.1622776601683795e-5,3.26570463180542
