para,error
1.0e-6,0.5124229192733765
0.0001,0.4806307554244995
0.01,0.4496958255767822
1.0,0.4177454113960266
