para,error
0.0001,10.764388084411621
0.00031622776601683794,9.133087158203125
0.001,11.466863632202148
