para,error
1.0e-6,14.39358901977539
3.162277660168379e-6,12.893903732299805
1.0e-5,20.25384521484375
