para,error
1.0000000000000003e-5,5.597911834716797
0.00010000000000000002,5.369190216064453
0.0010000000000000002,6.2916717529296875
