para,error
0.01,1.3130004405975342
0.1,1.1926352977752686
1.0,1.731502652168274
