para,error
1.0e-6,14.023311614990234
3.162277660168379e-6,11.736641883850098
1.0e-5,13.735823631286621
