para,error
0.00316227766016838,14.019752502441406
0.010000000000000002,13.459687232971191
0.0316227766016838,14.172683715820312
