para,error
0.0001,4.10318660736084
0.001,3.863454818725586
0.01,3.2009081840515137
