para,error
1.0e-6,13.35572624206543
3.162277660168379e-6,12.889206886291504
1.0e-5,19.756032943725586
