para,error
1.0e-6,14.472785949707031
3.162277660168379e-6,14.279356002807617
