para,error
0.00031622776601683794,0.7711198925971985
0.001,0.6082140207290649
0.0031622776601683794,0.7706983089447021
