para,error
0.5,76.71220397949219
1.0,56.366355895996094
1.5,11.65687084197998
2.0,0.942585825920105
2.5,2.038959503173828
3.0,2.6947383880615234
3.5,3.368570327758789
4.0,4.352996826171875
4.5,3.856590509414673
5.0,3.5245726108551025
5.5,3.2956628799438477
6.0,3.218050479888916
6.5,3.238839864730835
7.0,3.323777198791504
7.5,3.450235605239868
8.0,3.6030349731445312
8.5,3.6786460876464844
9.0,3.5988035202026367
9.5,3.531161308288574
10.0,3.4741122722625732
