para,error
1.0000000000000004,0.990739107131958
3.1622776601683804,0.9927389621734619
10.0,1.011802077293396
