para,error
0.00031622776601683794,10.306502342224121
0.001,11.331342697143555
0.0031622776601683794,13.196901321411133
