para,error
0.0001,10.764388084411621
0.00031622776601683794,10.2210111618042
0.001,11.446489334106445
0.0031622776601683794,12.537282943725586
0.01,12.830194473266602
0.0316227766016838,13.488914489746094
