para,error
1.0e-5,10.306502342224121
3.1622776601683795e-5,10.808235168457031
0.00010000000000000002,10.810161590576172
