para,error
1.0e-5,6.50300931930542
0.0001,6.768996238708496
0.001,6.250709533691406
