para,error
0.001,1.3670339584350586
0.01,1.471323013305664
0.1,1.0237901210784912
1.0,0.7542606592178345
