para,error
0.0001,6.250709533691406
0.001,6.842983245849609
0.01,6.768996238708496
