para,error
0.0031622776601683794,1.3744820356369019
0.01,1.2385159730911255
0.010000000000000002,1.231221318244934
0.0316227766016838,1.0640783309936523
0.10000000000000002,1.0771820545196533
