para,error
1.0e-6,25.08759117126465
9.999999999999999e-6,5.363158226013184
9.999999999999999e-5,28.058700561523438
