para,error
0.00316227766016838,13.968781471252441
0.010000000000000002,11.925216674804688
0.0316227766016838,14.600933074951172
