para,error
1.0e-6,14.72960090637207
3.162277660168379e-6,13.459687232971191
1.0e-5,20.767860412597656
