para,error
0.0001,9.344655990600586
0.001,5.689672470092773
0.01,6.733424663543701
