para,error
0.001,1.3610200881958008
0.01,1.297768473625183
0.1,1.8888221979141235
