para,error
1.0,3.2009081840515137
10.0,3.300147533416748
100.0,3.2432963848114014
