para,error
1.0e-6,1.620624303817749
0.001,6.554551601409912
0.01,5.311005592346191
0.1,8.491236686706543
