para,error
1.0e-6,26.788362503051758
9.999999999999999e-6,6.250709533691406
9.999999999999999e-5,32.492950439453125
