para,error
0.0001,12.251106262207031
0.00031622776601683794,10.889379501342773
0.001,10.587081909179688
