para,error
0.00031622776601683794,14.673933982849121
0.001,13.737468719482422
0.0031622776601683794,14.411785125732422
