para,error
1.0e-6,2.681562662124634
9.999999999999999e-6,1.467647671699524
0.0001,2.3950459957122803
0.001,2.026634931564331
0.01,1.7347803115844727
