para,error
1.0e-6,12.571285247802734
3.162277660168379e-6,13.407588958740234
1.0e-5,13.531951904296875
