para,error
0.001,12.542463302612305
0.0031622776601683794,10.975297927856445
0.01,13.030231475830078
