para,error
0.5,301.9353332519531
1.0,29.622722625732422
1.5,16.959793090820312
2.0,14.628328323364258
2.5,12.524959564208984
3.0,13.981267929077148
3.5,14.009825706481934
4.0,13.578569412231445
4.5,14.381477355957031
5.0,16.103317260742188
5.5,21.020030975341797
6.0,37.79607391357422
6.5,65.88253021240234
7.0,71.42387390136719
7.5,72.2208023071289
8.0,72.55842590332031
8.5,72.94072723388672
9.0,73.37372589111328
9.5,73.83747863769531
10.0,74.31800079345703
