para,error
1.0e-6,2.6891467571258545
0.0001,2.5101490020751953
0.01,1.165544867515564
1.0,1.1780271530151367
