para,error
0.001,1.170039176940918
0.01,1.432020902633667
0.1,1.4302198886871338
