para,error
0.0001,0.8074769973754883
0.001,0.7128915786743164
0.01,0.666125476360321
