para,error
1.0e-6,14.54948616027832
3.162277660168379e-6,12.913484573364258
