para,error
9.999999999999999e-6,0.39426323771476746
0.0001,0.4109360873699188
0.001,0.41655755043029785
