para,error
1.0,5.642629623413086
10.0,5.935671806335449
100.0,6.463963508605957
