para,error
1.0e-6,25.271434783935547
9.999999999999999e-6,5.328404903411865
9.999999999999999e-5,94.32971954345703
