para,error
3.1622776601683796e-6,11.065404891967773
1.0e-5,11.228347778320312
3.1622776601683795e-5,10.832991600036621
