para,error
0.001,10.810161590576172
0.0031622776601683794,10.306502342224121
0.01,12.108070373535156
