para,error
3.162277660168379e-6,25.050174713134766
9.999999999999999e-6,9.133087158203125
3.1622776601683795e-5,24.877897262573242
