para,error
0.00031622776601683794,10.88078498840332
0.001,11.59672737121582
0.0031622776601683794,12.057744979858398
