para,error
0.00031622776601683794,10.832991600036621
0.001,11.727287292480469
0.0031622776601683794,12.453559875488281
