para,error
0.00031622776601683794,12.893903732299805
0.001,13.803630828857422
0.0031622776601683794,13.277105331420898
