para,error
1.0e-6,14.600933074951172
3.162277660168379e-6,11.925216674804688
1.0e-5,24.17312240600586
