para,error
9.999999999999999e-6,3.454486608505249
0.0001,7.76112174987793
0.001,18.62912368774414
0.01,28.69902801513672
0.1,12.934114456176758
