para,error
0.001,0.2114352136850357
0.01,0.23708507418632507
0.1,0.23985764384269714
