para,error
0.5,72.49529266357422
1.0,14.915054321289062
1.5,13.575687408447266
2.0,13.499076843261719
2.5,13.307671546936035
3.0,13.693578720092773
3.5,14.64413070678711
4.0,15.369108200073242
4.5,16.35462188720703
5.0,17.37734603881836
5.5,17.547283172607422
6.0,15.808286666870117
6.5,15.752138137817383
7.0,15.550189971923828
7.5,16.08439826965332
8.0,16.248764038085938
8.5,16.22293472290039
9.0,16.348970413208008
9.5,16.608686447143555
10.0,16.36412239074707
