para,error
0.01,3.9203195571899414
10.0,3.6762771606445312
