para,error
1.0e-6,2.9444894790649414
9.999999999999999e-6,0.7542606592178345
0.0001,1.3670339584350586
0.001,2.015019178390503
