para,error
0.00031622776601683794,13.527524948120117
0.001,13.045236587524414
0.0031622776601683794,12.56525993347168
