para,error
1.0e-6,2.3521947860717773
0.0001,2.323107957839966
0.01,1.165544867515564
1.0,1.587240219116211
