para,error
3.162277660168379e-6,12.524959564208984
9.999999999999999e-6,20.677635192871094
3.1622776601683795e-5,44.23362350463867
