para,error
1.0e-6,0.31083351373672485
0.0001,0.23813803493976593
0.01,0.2217538058757782
1.0,0.37893760204315186
