para,error
0.5,42.43398666381836
1.0,5.689672470092773
1.5,6.140378952026367
2.0,7.366382598876953
2.5,6.733424663543701
3.0,7.085238933563232
3.5,7.5335235595703125
4.0,12.542720794677734
4.5,21.636255264282227
5.0,26.482685089111328
5.5,28.62561798095703
6.0,29.361818313598633
6.5,30.666213989257812
7.0,31.218597412109375
7.5,31.17727279663086
8.0,31.1583309173584
8.5,31.155183792114258
9.0,31.149446487426758
9.5,31.083269119262695
10.0,31.030672073364258
