para,error
1.0e-6,13.361587524414062
3.162277660168379e-6,13.476343154907227
1.0e-5,13.359794616699219
