para,error
0.0001,4.3720269203186035
0.001,4.368839740753174
0.01,3.840139389038086
0.1,4.345134735107422
1.0,4.056851387023926
