para,error
1.0e-6,9.31732177734375
9.999999999999999e-6,8.295119285583496
0.0001,6.475835800170898
0.001,8.196073532104492
