para,error
0.5,138.01406860351562
1.0,16.567785263061523
1.5,14.844818115234375
2.0,14.019752502441406
2.5,14.172683715820312
3.0,13.459687232971191
3.5,14.640029907226562
4.0,14.187631607055664
4.5,14.868846893310547
5.0,16.768341064453125
5.5,16.26238441467285
6.0,15.630206108093262
6.5,16.301387786865234
7.0,15.380702018737793
7.5,17.015417098999023
8.0,17.084226608276367
8.5,17.204559326171875
9.0,17.25070571899414
9.5,17.22320556640625
10.0,17.248048782348633
