para,error
0.001,5.434746265411377
0.01,2.3545565605163574
0.1,1.620624303817749
1.0,2.5849881172180176
