para,error
3.162277660168379e-6,24.20601463317871
9.999999999999999e-6,10.88078498840332
3.1622776601683795e-5,22.687047958374023
