para,error
0.001,3.3697712421417236
0.01,2.827086925506592
0.1,3.7850193977355957
