para,error
0.1,0.7898575067520142
1.0,0.6082140207290649
3.1622776601683795,0.7337117791175842
10.0,0.6575442552566528
