para,error
0.001,1.550560474395752
0.01,0.7547962665557861
0.1,0.5968396663665771
