para,error
1.0e-6,5.751213550567627
9.999999999999999e-6,5.642629623413086
0.0001,7.436099052429199
0.001,39.40274429321289
