para,error
1.0000000000000002e-6,1.3521064519882202
3.162277660168379e-6,1.1441428661346436
3.1622776601683796e-6,1.1824822425842285
9.999999999999999e-6,1.0341852903366089
1.0e-5,1.3503494262695312
3.1622776601683795e-5,1.1729180812835693
