para,error
1.0e-6,13.825263977050781
3.162277660168379e-6,12.35191822052002
1.0e-5,20.318859100341797
