para,error
0.10000000000000002,1.0949301719665527
0.316227766016838,0.9056155681610107
1.0000000000000002,1.0234284400939941
