para,error
1000.0,4.056851387023926
10000.0,3.840139389038086
100000.0,4.368839740753174
