para,error
3.162277660168379e-6,24.394515991210938
9.999999999999999e-6,9.648300170898438
3.1622776601683795e-5,24.024276733398438
