para,error
1.0000000000000006e-5,5.353572368621826
0.00010000000000000005,5.377554893493652
0.0010000000000000005,5.678737163543701
