para,error
9.999999999999999e-6,8.833857536315918
0.0001,9.62248420715332
0.001,5.321695327758789
0.01,6.261992454528809
0.1,7.878320693969727
