para,error
9.999999999999999e-6,6.888943672180176
0.0001,3.226484775543213
0.001,9.88623332977295
