para,error
0.001,13.459687232971191
0.0031622776601683794,14.019752502441406
0.01,14.172683715820312
