para,error
0.0001,14.600933074951172
0.00031622776601683794,14.488504409790039
0.001,13.35572624206543
0.0031622776601683794,13.087035179138184
0.01,13.601821899414062
0.0316227766016838,15.60975456237793
