para,error
1.0e-6,24.011390686035156
9.999999999999999e-6,5.227410316467285
9.999999999999999e-5,134.23989868164062
