para,error
1.0000000000000002e-6,1.1066930294036865
3.1622776601683796e-6,0.9927389621734619
1.0e-5,0.990739107131958
