para,error
1.0000000000000002e-6,5.765806674957275
1.0e-5,5.71042537689209
0.0001,5.766096591949463
