para,error
0.001,2.3017778396606445
0.0031622776601683794,1.5699281692504883
0.01,1.2385159730911255
0.010000000000000002,1.231221318244934
0.0316227766016838,1.0640783309936523
0.10000000000000002,1.0771820545196533
