para,error
0.001,1.170039176940918
0.01,1.4302198886871338
0.1,1.916160225868225
1.0,1.7161741256713867
10.0,1.7669154405593872
