para,error
1.0e-5,6.345948219299316
1.0000000000000004e-5,5.433842182159424
1.0000000000000006e-5,5.71856164932251
0.0001,5.220674514770508
