para,error
0.00031622776601683794,12.376440048217773
0.001,10.587081909179688
0.0031622776601683794,10.889379501342773
