para,error
9.999999999999999e-6,3.1309807300567627
0.0001,3.841648817062378
0.001,2.654233455657959
