para,error
0.0001,14.600933074951172
0.00031622776601683794,13.883800506591797
0.001,11.925216674804688
