para,error
0.0001,5.227410316467285
0.001,5.264140605926514
0.01,7.180018424987793
