para,error
1.0e-5,10.752938270568848
3.1622776601683795e-5,9.648300170898438
0.00010000000000000002,11.034045219421387
