para,error
3.162277660168379e-6,2.038959503173828
9.999999999999999e-6,0.942585825920105
3.1622776601683795e-5,1.379966378211975
