para,error
0.001,3.9128353595733643
0.01,3.5573930740356445
0.1,5.518896102905273
