para,error
1.0e-5,7.727662086486816
0.0001,5.689672470092773
0.001,6.733424663543701
