para,error
0.001,1.9809857606887817
0.01,1.7347803115844727
0.1,1.467647671699524
