para,error
0.3162277660168381,0.9083215594291687
1.0000000000000004,0.9480766654014587
3.162277660168381,0.9776249527931213
