para,error
0.00316227766016838,13.456727027893066
0.010000000000000002,13.087035179138184
0.0316227766016838,12.889206886291504
