para,error
0.001,12.913484573364258
0.0031622776601683794,13.946592330932617
0.01,15.406341552734375
