para,error
0.001,12.571285247802734
0.0031622776601683794,13.306465148925781
0.01,14.714027404785156
