para,error
0.0001,7.372406959533691
0.001,6.250709533691406
0.01,7.205595016479492
