para,error
3.1622776601683796e-6,1.1036502122879028
1.0e-5,0.942585825920105
3.1622776601683795e-5,1.0104658603668213
