para,error
1.0000000000000006e-5,5.369190216064453
0.00010000000000000006,5.768435478210449
0.0010000000000000007,5.759825706481934
