para,error
0.00031622776601683794,12.028465270996094
0.001,11.741575241088867
0.0031622776601683794,10.832991600036621
