para,error
3.1622776601683796e-6,0.9083215594291687
1.0e-5,0.9480766654014587
3.1622776601683795e-5,1.0385595560073853
