para,error
0.03162277660168379,1.8453457355499268
0.1,2.111553430557251
0.31622776601683794,1.6395503282546997
