para,error
1.0e-6,5.699003219604492
9.999999999999999e-6,3.840139389038086
0.0001,4.368839740753174
0.001,4.67076301574707
