para,error
1.0e-6,13.277105331420898
3.162277660168379e-6,12.893903732299805
1.0e-5,14.08371639251709
