para,error
1.0e-6,13.503641128540039
3.162277660168379e-6,11.736641883850098
1.0e-5,16.869190216064453
