para,error
0.5,76.643798828125
1.0,64.1502914428711
1.5,15.247737884521484
2.0,0.990739107131958
2.5,1.684021234512329
3.0,2.5787768363952637
3.5,3.3415651321411133
4.0,4.2142333984375
4.5,3.6531476974487305
5.0,3.2986655235290527
5.5,3.058990955352783
6.0,2.9671051502227783
6.5,2.9743130207061768
7.0,3.0463953018188477
7.5,3.160727024078369
8.0,3.302107810974121
8.5,3.4601974487304688
9.0,3.627899408340454
9.5,3.5624513626098633
10.0,3.5034945011138916
