para,error
0.00316227766016838,14.54948616027832
0.010000000000000002,12.913484573364258
0.0316227766016838,13.946592330932617
