para,error
1.0e-6,5.642629623413086
9.999999999999999e-6,5.935671806335449
