para,error
0.10000000000000002,1.0470836162567139
0.316227766016838,1.0257858037948608
1.0000000000000002,0.942585825920105
