para,error
0.001,10.764388084411621
0.0031622776601683794,9.133087158203125
0.01,10.87936782836914
