para,error
1.0e-6,5.424241542816162
1.0000000000000002e-6,5.377554893493652
1.0000000000000003e-5,5.353572368621826
