para,error
9.999999999999999e-6,7.134692192077637
0.0001,3.226484775543213
0.001,6.888943672180176
