para,error
1.0e-6,11.925216674804688
3.162277660168379e-6,13.188553810119629
1.0e-5,13.55649185180664
