para,error
0.001,10.975297927856445
0.0031622776601683794,13.030231475830078
0.01,14.053579330444336
