para,error
9.999999999999999e-6,3.35036301612854
0.0001,2.827086925506592
0.001,3.7850193977355957
