para,error
0.01,11.742820739746094
0.1,8.190837860107422
1.0,11.516190528869629
10.0,10.296523094177246
