para,error
0.00031622776601683794,14.472785949707031
0.001,14.279356002807617
0.0031622776601683794,14.308755874633789
