para,error
0.1,6.475835800170898
0.31622776601683794,8.469196319580078
1.0,6.536338806152344
3.1622776601683795,10.386366844177246
