para,error
1.0e-6,0.5477195978164673
0.0001,0.4177454113960266
0.01,0.4806307554244995
1.0,0.5761109590530396
