para,error
0.01,0.39426323771476746
0.1,0.41655755043029785
1.0,0.4363776743412018
10.0,0.4571591317653656
100.0,0.4403989315032959
