para,error
1.0e-6,23.047630310058594
9.999999999999999e-6,5.353572368621826
9.999999999999999e-5,106.57598876953125
