para,error
1.0e-6,13.307671546936035
3.162277660168379e-6,14.506969451904297
