para,error
0.0001,4.231870651245117
0.001,3.2009081840515137
0.01,3.2432963848114014
