para,error
1.0e-6,13.35572624206543
3.162277660168379e-6,13.087035179138184
9.999999999999999e-6,20.677635192871094
1.0e-5,15.954002380371094
3.1622776601683795e-5,44.23362350463867
