para,error
1.0e-6,24.487585067749023
9.999999999999999e-6,5.298393249511719
9.999999999999999e-5,30.779090881347656
