para,error
0.0001,9.67749309539795
0.001,1.620624303817749
0.01,5.311005592346191
