para,error
0.5,72.959716796875
1.0,15.624527931213379
1.5,14.605356216430664
2.0,14.764469146728516
2.5,14.411785125732422
3.0,13.872525215148926
3.5,14.637787818908691
4.0,15.130722999572754
4.5,15.395153999328613
5.0,15.599733352661133
5.5,14.978157997131348
6.0,14.396713256835938
6.5,16.122398376464844
7.0,13.737468719482422
7.5,14.923294067382812
8.0,14.953092575073242
8.5,14.891357421875
9.0,14.989214897155762
9.5,14.993894577026367
10.0,14.673933982849121
