para,error
0.0031622776601683794,14.867530822753906
0.01,13.64155387878418
0.0316227766016838,12.524959564208984
