para,error
1.0e-5,10.587081909179688
3.1622776601683795e-5,12.251106262207031
0.00010000000000000002,11.175007820129395
