para,error
1.0e-6,10.952873229980469
0.0001,11.081090927124023
0.01,10.028148651123047
1.0,7.327687740325928
