para,error
0.001,0.7898575067520142
0.01,0.6082140207290649
0.03162277660168379,0.7725809812545776
0.1,0.6575442552566528
1.0,1.0196425914764404
