para,error
0.0001,5.803292751312256
0.001,5.71042537689209
0.01,6.809057235717773
