para,error
0.0001,5.743290424346924
0.001,5.565950393676758
0.01,6.894410610198975
