para,error
0.01,6.086165428161621
0.1,5.935671806335449
1.0,5.642629623413086
