para,error
1.0e-5,10.74117660522461
3.1622776601683795e-5,9.048337936401367
0.00010000000000000002,11.176826477050781
