para,error
0.0001,7.384721755981445
0.001,5.298393249511719
0.01,6.418181896209717
