para,error
1.0e-6,32.1312255859375
0.0001,9.31209945678711
0.01,7.327687740325928
1.0,61.4573860168457
