para,error
1.0e-6,14.673933982849121
3.162277660168379e-6,13.737468719482422
1.0e-5,19.36821746826172
