para,error
3.162277660168379e-6,26.53555679321289
9.999999999999999e-6,9.048337936401367
3.1622776601683795e-5,22.191913604736328
