para,error
0.1,2.3545565605163574
1.0,1.620624303817749
10.0,2.5849881172180176
