para,error
0.010000000000000002,12.571285247802734
0.0316227766016838,14.714027404785156
0.10000000000000002,15.700784683227539
