para,error
0.0001,10.379084587097168
0.00031622776601683794,10.275245666503906
0.001,9.648300170898438
