para,error
9.999999999999999e-6,2.888693332672119
0.0001,1.9117259979248047
0.001,1.7630739212036133
0.01,1.7161741256713867
0.1,1.170039176940918
