para,error
0.0031622776601683794,12.337348937988281
0.01,14.150044441223145
0.0316227766016838,16.19461441040039
