para,error
0.5,68.99168395996094
1.0,15.318178176879883
1.5,14.762689590454102
2.0,15.350235939025879
2.5,14.308755874633789
3.0,14.279356002807617
3.5,14.514057159423828
4.0,14.729783058166504
4.5,14.494024276733398
5.0,14.757892608642578
5.5,14.982956886291504
6.0,14.857824325561523
6.5,15.077733039855957
7.0,16.546009063720703
7.5,15.141624450683594
8.0,16.965354919433594
8.5,15.510846138000488
9.0,16.598529815673828
9.5,17.077430725097656
10.0,15.968842506408691
