para,error
1.0e-6,15.960305213928223
3.162277660168379e-6,12.913484573364258
1.0e-5,21.635967254638672
