para,error
0.5,50.86651611328125
1.0,6.307722568511963
1.5,6.752914905548096
2.0,6.0704240798950195
2.5,5.298393249511719
3.0,6.211061000823975
3.5,10.46068000793457
4.0,14.004822731018066
4.5,18.472003936767578
5.0,20.64545440673828
5.5,23.222257614135742
6.0,26.788818359375
6.5,29.263153076171875
7.0,31.010482788085938
7.5,31.65924072265625
8.0,31.435184478759766
8.5,31.26939582824707
9.0,31.14775848388672
9.5,30.97437286376953
10.0,30.779090881347656
