para,error
0.1,3.38039493560791
1.0,3.5738887786865234
10.0,3.4663963317871094
100.0,3.35036301612854
1000.0,2.827086925506592
