para,error
0.0001,0.2114352136850357
0.001,0.2574853301048279
0.01,0.23708507418632507
