para,error
1.0e-6,2.302949905395508
9.999999999999999e-6,2.3560080528259277
0.0001,2.004998207092285
0.001,1.1926352977752686
0.01,1.3130004405975342
