para,error
0.0031622776601683794,12.096073150634766
0.01,12.407028198242188
0.0316227766016838,13.488914489746094
