para,error
0.00316227766016838,13.825263977050781
0.010000000000000002,12.35191822052002
0.0316227766016838,13.591119766235352
