para,error
0.0001,1.467647671699524
0.001,3.1857688426971436
0.01,2.8648390769958496
