para,error
0.00031622776601683794,12.376440048217773
0.001,10.764388084411621
0.0031622776601683794,10.2210111618042
0.01,11.28565788269043
