para,error
0.03162277660168379,0.5968396663665771
0.1,0.7605469226837158
0.31622776601683794,0.9486508369445801
