para,error
1.0000000000000004e-6,5.88547945022583
1.0000000000000004e-5,5.765806674957275
0.00010000000000000005,5.71042537689209
