para,error
0.001,10.483587265014648
0.0031622776601683794,9.048337936401367
0.01,11.783756256103516
