para,error
0.0001,10.25108814239502
0.00031622776601683794,9.048337936401367
0.001,11.194568634033203
