para,error
9.999999999999999e-6,0.2114352136850357
0.0001,0.2361452430486679
0.001,0.22050844132900238
