para,error
0.00031622776601683794,13.915223121643066
0.001,13.566949844360352
0.0031622776601683794,12.35191822052002
