para,error
3.162277660168379e-7,1.5836479663848877
1.0e-6,2.282193183898926
3.162277660168379e-6,1.4166653156280518
9.999999999999999e-6,1.871896743774414
3.1622776601683795e-5,2.4785521030426025
