para,error
0.01,1.8888221979141235
0.1,1.3610200881958008
1.0,1.297768473625183
