para,error
3.162277660168379e-6,27.424163818359375
9.999999999999999e-6,12.096073150634766
3.1622776601683795e-5,27.752872467041016
