para,error
0.5,24.409832000732422
1.0,7.27386999130249
1.5,3.9128353595733643
2.0,3.5573930740356445
2.5,5.883810043334961
3.0,6.467117786407471
3.5,7.818233489990234
4.0,10.028556823730469
4.5,9.986955642700195
5.0,9.895282745361328
5.5,9.883429527282715
6.0,9.843725204467773
6.5,9.793270111083984
7.0,9.773448944091797
7.5,9.774267196655273
8.0,9.789034843444824
8.5,9.760986328125
9.0,9.73084831237793
9.5,9.710577011108398
10.0,9.697822570800781
