para,error
0.0031622776601683794,13.578569412231445
0.01,12.524959564208984
0.0316227766016838,15.04017162322998
