para,error
9.999999999999999e-6,6.679803848266602
0.0001,5.321695327758789
0.001,5.858468532562256
0.01,7.673172950744629
0.1,10.694328308105469
