para,error
0.1,0.4120387136936188
1.0,0.39426323771476746
10.0,0.4109360873699188
