para,error
1.0000000000000002e-6,5.6943559646606445
1.0e-5,5.565950393676758
0.0001,5.743290424346924
