para,error
0.010000000000000002,11.736641883850098
0.0316227766016838,14.513708114624023
0.10000000000000002,16.869190216064453
