para,error
1.0e-6,3.665408134460449
9.999999999999999e-6,3.9128353595733643
9.999999999999999e-5,3.5573930740356445
