para,error
9.999999999999999e-6,3.2432963848114014
0.0001,3.2009081840515137
0.001,4.837212085723877
