para,error
1.0e-6,0.24747440218925476
0.0001,0.23813803493976593
0.01,0.2448870688676834
1.0,0.2217538058757782
