para,error
0.001,0.2114352136850357
0.01,0.24423474073410034
0.1,0.24364963173866272
1.0,0.23145803809165955
10.0,0.22050844132900238
