para,error
1.0,1.807100534439087
10.0,1.3130004405975342
100.0,1.1926352977752686
1000.0,1.8002955913543701
