para,error
1.0e-6,9.668413162231445
9.999999999999999e-6,3.13918399810791
9.999999999999999e-5,8.888081550598145
