para,error
1.0e-6,15.81704330444336
3.162277660168379e-6,12.571285247802734
1.0e-5,17.507314682006836
