para,error
0.31622776601683794,1.8453457355499268
1.0,2.111553430557251
3.1622776601683795,1.6395503282546997
