para,error
3.1622776601683795e-5,10.975297927856445
0.0001,12.542463302612305
0.000316227766016838,11.67316722869873
