para,error
3.1622776601683796e-6,13.087035179138184
1.0e-5,12.889206886291504
3.1622776601683795e-5,13.35572624206543
