para,error
0.5,51.119239807128906
1.0,6.519810199737549
1.5,6.327436447143555
2.0,5.363158226013184
2.5,6.535501003265381
3.0,6.376233100891113
3.5,7.186384201049805
4.0,13.532857894897461
4.5,16.34759521484375
5.0,20.089614868164062
5.5,25.553552627563477
6.0,26.592750549316406
6.5,27.690204620361328
7.0,28.905330657958984
7.5,29.243452072143555
8.0,28.93768310546875
8.5,28.645038604736328
9.0,28.408489227294922
9.5,28.216060638427734
10.0,28.058700561523438
