para,error
0.01,9.381593704223633
0.1,8.244811058044434
1.0,7.676906585693359
