para,error
0.00031622776601683794,14.506969451904297
0.001,13.307671546936035
0.0031622776601683794,13.693578720092773
