para,error
1.0000000000000004,0.9887098073959351
3.1622776601683804,0.9793963432312012
10.0,1.0097174644470215
