para,error
1.0e-6,0.7128915786743164
0.0001,0.666125476360321
0.01,0.9277851581573486
