para,error
1.0e-6,13.872525215148926
3.162277660168379e-6,13.737468719482422
