para,error
0.00316227766016838,13.641897201538086
0.010000000000000002,13.359794616699219
0.0316227766016838,13.361587524414062
