para,error
0.0001,2.827086925506592
0.001,3.38039493560791
0.01,3.35036301612854
