para,error
3.162277660168379e-6,13.64155387878418
9.999999999999999e-6,12.524959564208984
3.1622776601683795e-5,13.578569412231445
