para,error
3.1622776601683795e-5,14.154401779174805
0.0001,12.096073150634766
0.000316227766016838,12.407028198242188
