para,error
0.010000000000000002,13.683330535888672
0.0316227766016838,12.337348937988281
0.10000000000000002,15.499719619750977
