para,error
1.0000000000000004e-6,5.33632755279541
1.0000000000000003e-5,5.264140605926514
0.00010000000000000002,5.227410316467285
