para,error
0.001,4.109827518463135
0.01,3.5573930740356445
0.1,4.200704574584961
