para,error
1.0e-6,0.8057236075401306
0.0001,0.4177454113960266
0.01,0.7502491474151611
1.0,0.8982027173042297
