para,error
1.0e-5,7.447339057922363
0.0001,5.363158226013184
0.001,6.291171073913574
