para,error
1.0e-6,0.2217538058757782
0.0001,0.2581777274608612
0.01,0.23813803493976593
1.0,0.2448870688676834
