para,error
9.999999999999999e-6,6.829341888427734
0.0001,5.858468532562256
0.001,6.147896766662598
0.01,5.321695327758789
0.1,6.679803848266602
