para,error
0.0001,6.519810199737549
0.001,5.363158226013184
0.01,9.058160781860352
