para,error
1.0e-6,13.195100784301758
3.162277660168379e-6,12.56525993347168
1.0e-5,18.989566802978516
