para,error
0.00316227766016838,13.745561599731445
0.010000000000000002,12.893903732299805
0.0316227766016838,14.08371639251709
