para,error
0.001,1.6606378555297852
0.01,0.6082140207290649
0.1,1.0067598819732666
1.0,1.1444486379623413
