para,error
9.999999999999999e-6,7.682388782501221
0.0001,7.676906585693359
0.001,15.46778678894043
0.01,62.522281646728516
