para,error
1.0e-5,5.965601444244385
0.0001,5.369190216064453
0.001,5.597911834716797
