para,error
1.0e-6,9.31209945678711
0.0001,10.597867965698242
0.01,7.327687740325928
1.0,10.028148651123047
