para,error
9.999999999999999e-6,3.454486608505249
0.0001,3.9124503135681152
0.001,3.7170896530151367
0.01,3.485579490661621
0.1,4.284331798553467
