para,error
0.0001,6.2594451904296875
0.001,5.353572368621826
0.01,6.267465591430664
