para,error
9.999999999999999e-6,0.39426323771476746
0.0001,0.4472041726112366
0.001,0.5764844417572021
