para,error
9.999999999999999e-6,11.742820739746094
0.0001,8.190837860107422
0.001,24.10564422607422
