k_on,k_off,v_open,v_close,α,β,L,exp_label,loss
9.999999999999999e-6,1.0000000000000002e-6,1.0e-5,0.001,2.0,3.6,5000,wt_15mM_salt,5.725609302520752
9.999999999999999e-6,9.999999999999999e-5,0.03162277660168379,0.3162277660168381,1.5,3.0,5000,wt_150mM_salt,4.442549705505371
