mean_fraction_exposure,std_fraction_exposure,fold
0.6430933333333333,0.03552647073142774,0
0.575152,0.03552896735158839,1
0.43069599999999997,0.03646454067202005,4
0.26505933333333326,0.030731780847668415,10
0.12070266666666668,0.021187883666609748,25
0.06432333333333333,0.01603504071269381,50
